Date,Tweet,User_Location
2023-05-25,A high school had to postpone its graduation when only qualified Said one parent Of course with,"Calabasas, CA"
2023-05-25,The Refund airdrop is Ending Connect and Claim at N,
2023-05-25,Apple not giving us a charger is,
2023-05-25,The Refund airdrop is Ending Connect and Claim at N,
2023-05-25,When are trying to reach its crucial to not only meet them on the where they are bu,World
2023-05-25,apple,"Doral, FL"
2023-05-25,As default would rather take a break than work to protect your job and If this,
2023-05-25,A high school had to postpone its graduation when only qualified Said one parent Of course with,
2023-05-25,What was the point of Twitter ever on you for posting from your or Android or,
2023-05-25,Them damn cherry apple,wolfmouth1@gmail.com
2023-05-25,The Refund airdrop is Ending Connect and Claim at N,Thailand
2023-05-25,Check out my favorite new I have never this hard at a Check out the,
2023-05-25,The Refund airdrop is Ending Connect and Claim at N,
2023-05-25,got that right Apple,
2023-05-25,The Refund airdrop is Ending Connect and Claim at N,
2023-05-25,The Refund airdrop is Ending Connect and Claim at N,
2023-05-25,to distract you so you wont delete them,Canada
2023-05-25,Hope is an user who at the victim and the innocent is the latest shiny red apple to h,DRESDEN 
2023-05-25,A high school had to postpone its graduation when only qualified Said one parent Of course with,Thailand & Oregon
2023-05-25,The Refund airdrop is Ending Connect and Claim at N,
2023-05-25,The Refund airdrop is Ending Connect and Claim at N,
2023-05-25,The Album is now available for preorder The full,"Easley, SC"
2023-05-25,The Refund airdrop is Ending Connect and Claim at N,Seoul
2023-05-25,Attention Ravens To celebrate the launch of were giving away an Make sure to follow our account,
2023-05-25,made an Apple Music,
2023-05-25,your for local and remote This been broken for at least the last Anyone into this Cant find support anywhere Not a good experience,Chile
2023-05-25,As default would rather take a break than work to protect your job and If this,"Pittsburgh, PA"
2023-05-25,The for and Android will be soon so prepare your for this fire,
2023-05-25,In case you me this morning on tune in the link below Dont forget to tune in every,United States
2023-05-25,Apple Tree,New York City
2023-05-25,IN Wireless Charger Stand For Pro Fast Charging Dock for Pro,
2023-05-25,High Desert on Apple Jury Duty on Prime,"Brooklyn, baby."
2023-05-25,The Refund airdrop is Ending Connect and Claim at N,„Å≤„Çá„Éº„ÅÑ„Å®„Å≤„Çá„Éº„ÅÑ„Å®„Å≤„Çá„Å≤„Çá„ÅÑ„Å®\Èñ¢Êù±„Å£ÔºÅ/
2023-05-25,Apple,
2023-05-25,Still on replay I miss TWICE,üáØüáµ
2023-05-25,The Refund airdrop is Ending Connect and Claim at N,
2023-05-25,The Refund airdrop is Ending Connect and Claim at N,
2023-05-25,,
2023-05-25,The Refund airdrop is Ending Connect and Claim at N,
2023-05-25,real the comes everywhere,im lost in outerspace ü™ê
2023-05-25,The Refund airdrop is Ending Connect and Claim at N,
2023-05-25,The second winner tonight She won an,"Jos, Nigeria/ Kano, Nigeria. "
2023-05-25,Precision Screwdriver Set in Magnetic Driver Kit Steel Professional Screwdriver Kit with Bit for,
2023-05-25,The Refund airdrop is Ending Connect and Claim at N,
2023-05-25,The way rode this needs to be studied,
2023-05-25,Apple Blossom Howdy Shrimp is a dreamer and lover,In your house
2023-05-25,The Refund airdrop is Ending Connect and Claim at N,Colorado - EUA
2023-05-25,When you lose the Star By for a public inquiry and have again to,
2023-05-25,,Ê±Ç„ÇÅ„ÅüÂõûÊï∞  „ÅÑ„Å§„ÇÇÂÉï„Åã„Çâ
2023-05-25,The Refund airdrop is Ending Connect and Claim at N,
2023-05-25,A meteorite fell in their bedroom what next Scientific,
2023-05-25,The Refund airdrop is Ending Connect and Claim at N,
2023-05-25,A el Apple Watch ultra,M√©xico
2023-05-25,The Refund airdrop is Ending Connect and Claim at N,
2023-05-25,The Refund airdrop is Ending Connect and Claim at N,
2023-05-25,The Refund airdrop is Ending Connect and Claim at N,"Ipoh,perak"
2023-05-25,backing a Voice to Parliament would be a moment of completion and new hope for Indigenous people who have,Australia
2023-05-25,Apple Music Japan Bite Me new This is first time entering the top on Apple Music Japan,„Éü„Ç∫„Ç≠‡æÄ‡øê
2023-05-25,The Refund airdrop is Ending Connect and Claim at N,
2023-05-25,The Refund airdrop is Ending Connect and Claim at N,
2023-05-25,Apple not giving us a charger is,"Los Angeles, CA"
2023-05-25,left for week to end We need every ARMY to push and go all out in both and un,
2023-05-25,Daily Daily Bull Channel looking continue to put pressure on resistance volume unrelenting Just days remain until the annual Apple event Expect of demand to increase as rally for position entering mode,Cryptosphere
2023-05-25,The Refund airdrop is Ending Connect and Claim at N,"Peru, lima"
2023-05-25,This is a gem LINK TO FULL EPISODE,
2023-05-25,Apple Music Vol baby baba won,
2023-05-25,We expanded the to more today Now serving in Bolivia,Âêå„ÅòÊú™Êù•„ÇíË¶ã„Å¶„ÅÑ„Åü„ÅÑ
2023-05-25,The Refund airdrop is Ending Connect and Claim at N,
2023-05-25,The Refund airdrop is Ending Connect and Claim at N,Bogota
2023-05-25,The Refund airdrop is Ending Connect and Claim at N,
2023-05-25,Apple Health data shouldnt be public The Health keep it private Privacy Thats,"New York, USA"
2023-05-25,These emergency of should kuku delete their Apple Music and stop listening,"Lagos, Nigeria"
2023-05-25,The Refund airdrop is Ending Connect and Claim at N,
2023-05-25,A bit line Neural Engine that been built in all Apple chips since,"SF Bay Area, California"
2023-05-25,For only the second time since I teaching a sweet student put an apple on my desk Its just the little apple EVER Of course are next week but still,CA
2023-05-25,The Refund airdrop is Ending Connect and Claim at N,
2023-05-25,The Refund airdrop is Ending Connect and Claim at N,ÈπøÂÖêÂ≥∂
2023-05-25,The Refund airdrop is Ending Connect and Claim at N,
2023-05-25,Vote NO Frightening Indigenous get discount at ice rink Sky News,
2023-05-25,always ask me how can we fight back short of a civil war Answer Look at Target Bud Lite You,
2023-05-25,Best song ever,ARTIST
2023-05-25,ON APPLE MUSIC BLOOD By,Balanga city Bataan
2023-05-25,The Refund airdrop is Ending Connect and Claim at N,
2023-05-25,Invincible chart on the US Apple music pop chart STREAM Invincible,
2023-05-25,and often try to warn off his more bizarre of judgment but fail too often,
2023-05-25,on their tropical honeymoon vacation for With alternative This commission was drawn entirely on,extraction.carrd.co for accts
2023-05-25,air chia seed ni Its good for boost your dan sugar spike Chia seed Honey raw Lemon Apple cider vinegar optional So x breakfast in the morning should try this drink,malaysia
2023-05-25,whenever I open my theres a new Your receipt from Apple,Where I'm meant to be
2023-05-25,this is the most random,California
2023-05-25,The Refund airdrop is Ending Connect and Claim at N,
2023-05-25,A high school had to postpone its graduation when only qualified Said one parent Of course with,Bundanyabba  -  Australia
2023-05-25,its here available on Music and on to be a part of along side so m,In your brain
2023-05-25,The Navy have tried for to strike a balance making the selection course enough to select only elite but not so difficult that it leaves good broken,"Washington, DC"
2023-05-25,The Refund airdrop is Ending Connect and Claim at N,Êó•Êú¨ ÊÑõÁü•
2023-05-25,We expanded the to more today Now serving in Bolivia,‚Üí
2023-05-25,so scary how you can resonate with a song so much sometimes,she/her | 20 
2023-05-25,Faith In The Future Bonus Edition is available to listen on all streaming with additional Change High In,
2023-05-25,and brand new to be won at the Hope Youth Concert this night,
2023-05-25,The Refund airdrop is Ending Connect and Claim at N,„ÇÜ„Åã„ÇäÁéãÂõΩ
2023-05-25,New Apple series starring,"Florida, USA"
2023-05-25,is in now,23 yo
2023-05-25,The Refund airdrop is Ending Connect and Claim at N,India
2023-05-25,WORLD celebrate Debut Anniversary and stream on,Republic of the Philippines
2023-05-25,The Refund airdrop is Ending Connect and Claim at N,
2023-05-25,Twitter wont let me tweet about abortion The go straight to Its many times the,"Nevada, USA"
2023-05-25,Something Only We Know Her Version is now at on Top under All,
2023-05-25,Apple Music Vol,
2023-05-25,THREE Fast Charging for for reg Save with code Gen for retail open box return with warranty NOT used,üìß promo@fatkiddeals.com
2023-05-25,ON APPLE MUSIC BLOOD By,21+ || stan accnt üáµüá≠üáªüá≥
2023-05-25,Twitter wont let me tweet about abortion The go straight to Its many times the,
2023-05-25,MESSAGE FROM THE CLERGY We wish to inform you from to present is now available on Apple,"Poconos, US"
2023-05-25,with tried to sting the taxpayer for another pair of expensive Apple it can be r,
2023-05-25,The Refund airdrop is Ending Connect and Claim at N,
2023-05-25,The Refund airdrop is Ending Connect and Claim at N,
2023-05-25,New from me A trip behind the at the in New York A place that once and,"Toronto, Ontario"
2023-05-25,TUTORIAL give their first win on Plus now and register,Enhypen's heart üíô
2023-05-25,Very easy to build marketing list from your mobile phone with Lead Generator,Chicago
2023-05-25,would also roll back billion of the billion Congress last year for an crackdown on high and,"New York Back the ""f"" off üòñ"
2023-05-25,apple,
2023-05-25,verge Apple Watch power bank might actually be witchcraft,"Mars, Hwaseong"
2023-05-25,The Refund airdrop is Ending Connect and Claim at N,Áü≥Â∑ù ÈáëÊ≤¢Â∏Ç
2023-05-25,My phone is android cant the apple,#6‚É£5‚É£üéπ
2023-05-25,just a so he needs to return his to his adoptive mother who doesnt love him,"les, fem, blk, 16 ü§ç trisha 1x"
2023-05-25,Fam tap your and ask them to purchase well be in charge for the payment Also join,"British Columbia, Canada"
2023-05-25,mother behind ban on poem links The Guardian,"State Of California, U.S.A.  üá∫üá∏"
2023-05-25,MESSAGE FROM THE CLERGY We wish to inform you from to present is now available on Apple,"Orlando, FL"
2023-05-25,Get this down in your spirit a super bloom season is coming are coming to pass are finding you goo,Lagos
2023-05-25,The way rode this needs to be studied,in his mouth & his pockets.
2023-05-25,Will say the angry on Apple Music really does help,"Ottawa, Ontario"
2023-05-25,you should have seen it I could take my off of him would have been of me with this short set I bought,"New York, NY"
2023-05-25,devil is a liar,Johannesburg
2023-05-25,The Refund airdrop is Ending Connect and Claim at N,"Dallas, TX"
2023-05-25,In unprecedented vote recommend attorney general be The Tribune, Texas
2023-05-25,The Refund airdrop is Ending Connect and Claim at N,Street
2023-05-25,back on Apple Music but with the Voice subscription every since I found a radio station,"Maine, USA"
2023-05-25,AM,United Kingdom
2023-05-25,The Refund airdrop is Ending Connect and Claim at N,
2023-05-25,MESSAGE FROM THE CLERGY We wish to inform you from to present is now available on Apple,
2023-05-25,My guess its the person with the huge head apple face and body,
2023-05-25,The Refund airdrop is Ending Connect and Claim at N,
2023-05-25,is now the new with Bird,England
2023-05-25,amazing album tops the Apple Music Album chart for a straight day after l,
2023-05-25,Apple trade in have been always a scam and they make money and third party margin money,"New York, USA"
2023-05-25,blow up her phone and her,27 | she/her | üè≥Ô∏è‚Äçüåà
2023-05-25,I no dey and chop for the same location Randy Abbey Region,"Oyarifa, Ghana"
2023-05-25,When will the game come on,
2023-05-25,Trust only getting worse upon that the world had Apple cinnamon sugar for some time now,Osaka City
2023-05-25,up on Apple Music Top,Africa
2023-05-25,MESSAGE FROM THE CLERGY We wish to inform you from to present is now available on Apple,I‚Äôm not sure anymore
2023-05-25,I my on Twitter just said persuade us and well think about it really sick of this,
