Date,Tweet
2023-05-15,"RT @AppleMusic: #BTSARMY, this one's for you. ğŸ’œ

Listen to #D_DAY and get ready for #SUGA's final episode of #AgustDRadio at 7PM PT / 11AMâ€¦"
2023-05-15,"RT @Dottorilla: @zentreya Got a tip for food poisoning get Pedialyte or equivalent super hydration drink

Because if you throw up, you canâ€¦"
2023-05-15,RT @CheemaWRLD: How i drink apple juice knowing itâ€™s the BEST juice https://t.co/soX0KAMGoT
2023-05-15,"Genshin Impact: Spiral Abyss 12-3 All Stars - Update 3.6 - iOS Gameplay Walkthrough Part 1154
https://t.co/C1fYjel0FT"
2023-05-15,RT @CheemaWRLD: How i drink apple juice knowing itâ€™s the BEST juice https://t.co/soX0KAMGoT
2023-05-15,"RT @AppleMusic: #BTSARMY, this one's for you. ğŸ’œ

Listen to #D_DAY and get ready for #SUGA's final episode of #AgustDRadio at 7PM PT / 11AMâ€¦"
2023-05-15,"RT @AppleMusic: #BTSARMY, this one's for you. ğŸ’œ

Listen to #D_DAY and get ready for #SUGA's final episode of #AgustDRadio at 7PM PT / 11AMâ€¦"
2023-05-15,"RT @Broadwayhatpod: Tomorrow! Our buddy Jake Elmer returns to the podcast! It's been two years since Jake was on the show, so we catch up aâ€¦"
2023-05-15,RT @klitaddict2: this was crazy  https://t.co/3kUPiLnu3N
2023-05-15,@bausburke Apple
2023-05-15,RT @CheemaWRLD: How i drink apple juice knowing itâ€™s the BEST juice https://t.co/soX0KAMGoT
2023-05-15,"RT @AppleMusic: #BTSARMY, this one's for you. ğŸ’œ

Listen to #D_DAY and get ready for #SUGA's final episode of #AgustDRadio at 7PM PT / 11AMâ€¦"
2023-05-15,"RT @BLINKSTATS: iTunes Singapore ğŸ‡¸ğŸ‡¬ (Top 10)

#1. #JISOO, FLOWER
#5. @BLACKPINK, TALLY
#6. #BLACKPINK, Kill This Love
#7. #ROSÃ‰, On The Groâ€¦"
2023-05-15,"RT @AppleMusic: #BTSARMY, this one's for you. ğŸ’œ

Listen to #D_DAY and get ready for #SUGA's final episode of #AgustDRadio at 7PM PT / 11AMâ€¦"
2023-05-15,"@AsianWokeHater @MissionLoco Uncomfortable truth &amp; reality of Chinatown sex slavery exposed in the 4th SF-set crime suspense Francesco Ferrari private detective thriller that cronyistic-selective indie book-exclusionary Green Apple &amp; the cliquish close-minded SF Chron can't cover up!
https://t.co/3gZqnn9heZ"
2023-05-15,"RT @AppleMusic: #BTSARMY, this one's for you. ğŸ’œ

Listen to #D_DAY and get ready for #SUGA's final episode of #AgustDRadio at 7PM PT / 11AMâ€¦"
2023-05-15,RT @djtouch_one: Stream ğŸ¶- Share ğŸ”¥ğŸ”¥ #MRAKK  https://t.co/UmgSp0H3q1
2023-05-15,Joined work league football sessions lately and an MD slapped a hatty on meâ€¦ I miss when they would only send the fix this sent from iPhone.
2023-05-15,"RT @AppleMusic: #BTSARMY, this one's for you. ğŸ’œ

Listen to #D_DAY and get ready for #SUGA's final episode of #AgustDRadio at 7PM PT / 11AMâ€¦"
2023-05-15,"RT @AppleMusic: #BTSARMY, this one's for you. ğŸ’œ

Listen to #D_DAY and get ready for #SUGA's final episode of #AgustDRadio at 7PM PT / 11AMâ€¦"
2023-05-15,"RT @AppleMusic: #BTSARMY, this one's for you. ğŸ’œ

Listen to #D_DAY and get ready for #SUGA's final episode of #AgustDRadio at 7PM PT / 11AMâ€¦"
2023-05-15,"RT @AppleMusic: #BTSARMY, this one's for you. ğŸ’œ

Listen to #D_DAY and get ready for #SUGA's final episode of #AgustDRadio at 7PM PT / 11AMâ€¦"
2023-05-15,@RegularUstazz That ratio is the more reason why I never fancy using iPhone.
2023-05-15,"@RRebekahhx I like both. I switch between Kindle, iPad, and physical. I also listen to audiobooks every day to and from work."
2023-05-15,"RT @drdave1999: Ron DeSantis will sign a bill allowing him to remain in office as FLâ€™s Governor while campaigning for the presidency, and tâ€¦"
2023-05-15,"a short animation is coming soon
#Dijitalartist #printmaker #linocut #artist #art #artaccount #art_4share #artist #artwork #daily #ipad #inspiration #drawings #night #photography #painting #artwork #sketch #illustration https://t.co/xsM8zsycEJ"
2023-05-15,RT @CheemaWRLD: How i drink apple juice knowing itâ€™s the BEST juice https://t.co/soX0KAMGoT
2023-05-15,"RT @peaceandteachin: The GOP passed a tax cut for billionaires without knowing how they were going to pay for it.
$2 trillion added to theâ€¦"
2023-05-15,"RT @CagedInMMAPod: ğŸš¨New EpisodeğŸš¨

@BIGc508 joins me on #CagedInâ€¼ï¸

ğŸ™ï¸@CageTitans 59 Interim Ammy MW Title preview
ğŸ™ï¸@VALORFights Ammy MW Châ€¦"
2023-05-15,"RT @RacheGabriel: ""The curriculum is never simply a neutral assemblage of knowledge, somehow appearing in the texts and classrooms of a natâ€¦"
2023-05-15,"RT @AppleMusic: #BTSARMY, this one's for you. ğŸ’œ

Listen to #D_DAY and get ready for #SUGA's final episode of #AgustDRadio at 7PM PT / 11AMâ€¦"
2023-05-15,RT @CheemaWRLD: How i drink apple juice knowing itâ€™s the BEST juice https://t.co/soX0KAMGoT
2023-05-15,"RT @stats_feed: Companies ranked by earnings (trailing 12 months):

1. ğŸ‡¸ğŸ‡¦ Saudi Aramco: $307b
2. ğŸ‡ºğŸ‡¸ Apple: $112b
3. ğŸ‡ºğŸ‡¸ Exxon Mobil: $86b
4.â€¦"
2023-05-15,"RT @drdave1999: Ron DeSantis will sign a bill allowing him to remain in office as FLâ€™s Governor while campaigning for the presidency, and tâ€¦"
2023-05-15,"RT @AppleMusic: #BTSARMY, this one's for you. ğŸ’œ

Listen to #D_DAY and get ready for #SUGA's final episode of #AgustDRadio at 7PM PT / 11AMâ€¦"
2023-05-15,RT @raywilton4: â€œAustralians have given federal Labor a powerful vote of confidence as Prime Minister Anthony Albanese approaches a year inâ€¦
2023-05-15,"$TSLA caught by our analyst in premarket. 

https://t.co/7JEizY1xsH

$AMD $AAPL $SQ $AMZN 
 $DKNG $HD $ROKU $NFLX $FB  $GLD $VXX $MSFT https://t.co/MfKkmVDFLl"
2023-05-15,RT @CheemaWRLD: How i drink apple juice knowing itâ€™s the BEST juice https://t.co/soX0KAMGoT
2023-05-15,"RT @AppleMusic: #BTSARMY, this one's for you. ğŸ’œ

Listen to #D_DAY and get ready for #SUGA's final episode of #AgustDRadio at 7PM PT / 11AMâ€¦"
2023-05-15,"RT @aesfixcia: ""An apple a day... gives you perception buff for 3 turns??""
#epic7  #ã‚¨ãƒ”ãƒƒã‚¯ã‚»ãƒ–ãƒ³ #EpicSeven #E7Art https://t.co/8dy26DyxBF"
2023-05-15,"RT @AppleMusic: #BTSARMY, this one's for you. ğŸ’œ

Listen to #D_DAY and get ready for #SUGA's final episode of #AgustDRadio at 7PM PT / 11AMâ€¦"
2023-05-15,"RT @AppleMusic: #BTSARMY, this one's for you. ğŸ’œ

Listen to #D_DAY and get ready for #SUGA's final episode of #AgustDRadio at 7PM PT / 11AMâ€¦"
2023-05-15,"RT @AppleMusic: #BTSARMY, this one's for you. ğŸ’œ

Listen to #D_DAY and get ready for #SUGA's final episode of #AgustDRadio at 7PM PT / 11AMâ€¦"
2023-05-15,"RT @AppleMusic: #BTSARMY, this one's for you. ğŸ’œ

Listen to #D_DAY and get ready for #SUGA's final episode of #AgustDRadio at 7PM PT / 11AMâ€¦"
2023-05-15,"RT @tipping_pitches: if there's one thing I've learned about making a baseball podcast over the last six years, it's that sometimes you actâ€¦"
2023-05-15,RT @CheemaWRLD: How i drink apple juice knowing itâ€™s the BEST juice https://t.co/soX0KAMGoT
2023-05-15,RT @Inkling61: The 400 videos dated back 25 years and captured Walker committing hundreds of acts of rape and other sex crimes on dozens ofâ€¦
2023-05-15,@jkac I just got mine back from apple for repairâ€¦ I bet they just sucked on it and sent it back!!
2023-05-15,"RT @SmashingPumpkin: Listen to ""Fireflies"" on the New Music Daily playlist @AppleMusic https://t.co/OJQin5zyCF"
2023-05-15,RT @BillyDees: How about #hydrogen energy? What will happen with #AI? On the #podcast my guest cohost @kryptoglyfics &amp; I discuss these topiâ€¦
2023-05-15,"RT @AppleMusic: #BTSARMY, this one's for you. ğŸ’œ

Listen to #D_DAY and get ready for #SUGA's final episode of #AgustDRadio at 7PM PT / 11AMâ€¦"
2023-05-15,"RT @BTSnARMYHistory: Last episode today!

ğŸ’œYou can listen to the live broadcast *without* an Apple Music subscription.
ğŸ’œYou can listen to aâ€¦"
2023-05-15,@CB618444 @GuntherEagleman @elonmusk @ellagirwin @TheRabbitHole84 @TwitterSupport Apple wonâ€™t refund you either? Have you tried? Just curious. If you paid for something you didnâ€™t get..maybe thatâ€™ll at least get the ball rolling
2023-05-15,Russia suffers new setbacks as Ukraine takes the offensive on the battlefield and beyond - NBC News #SlavaUkraini  https://t.co/mZHO3TMD2g
2023-05-15,tawarin apple music/spotify! #zonauang #zonaba
2023-05-15,RT @MichaelCohen212: How can anyone support the â¦current @GOP? â© â¦@RudyGiulianiâ© sued for $10 million over sexual assault allegations - â¦@tâ€¦
2023-05-15,REPEATTT https://t.co/4ss6mMdjNR
2023-05-15,"RT @RacheGabriel: ""The curriculum is never simply a neutral assemblage of knowledge, somehow appearing in the texts and classrooms of a natâ€¦"
2023-05-15,"RT @MegynKellyShow: â€œItâ€™s supposed to be a safe place where we can rest our heads at night...â€

Sorority sisters speak out about fear and bâ€¦"
2023-05-15,"RT @AppleMusic: #BTSARMY, this one's for you. ğŸ’œ

Listen to #D_DAY and get ready for #SUGA's final episode of #AgustDRadio at 7PM PT / 11AMâ€¦"
2023-05-15,"RT @AppleMusic: #BTSARMY, this one's for you. ğŸ’œ

Listen to #D_DAY and get ready for #SUGA's final episode of #AgustDRadio at 7PM PT / 11AMâ€¦"
2023-05-15,"RT @AppleMusic: #BTSARMY, this one's for you. ğŸ’œ

Listen to #D_DAY and get ready for #SUGA's final episode of #AgustDRadio at 7PM PT / 11AMâ€¦"
2023-05-15,"TRUMSOON Type C to 4K HDTV USB 3.0 2.0 C Docking SD TF Card Reader Hub for Macbook iPad Samsung S20 Dex TV Nintendo PS5 JQDNAMG

https://t.co/CpZtH5yNnf https://t.co/d3fc6ADPUX"
2023-05-15,"RT @AppleMusic: #BTSARMY, this one's for you. ğŸ’œ

Listen to #D_DAY and get ready for #SUGA's final episode of #AgustDRadio at 7PM PT / 11AMâ€¦"
2023-05-15,"RT @drdave1999: Ron DeSantis will sign a bill allowing him to remain in office as FLâ€™s Governor while campaigning for the presidency, and tâ€¦"
2023-05-15,"RT @KolbyRizzo: Poilievre perceived to be more competent than Trudeau, national poll shows - National Post https://t.co/8XqQ4An9FH"
2023-05-15,"RT @CPRAEDCourses: #HeartHealthyFoods

People who regularly eat apple are less likely to develop high blood pressure.

Turns out an apple aâ€¦"
2023-05-15,RT @krisalteyespy: Kayaker in Hawaii gets frightening surprise while fishing - CNN https://t.co/9g2Km3qjJl
2023-05-15,"RT @AppleMusic: #BTSARMY, this one's for you. ğŸ’œ

Listen to #D_DAY and get ready for #SUGA's final episode of #AgustDRadio at 7PM PT / 11AMâ€¦"
2023-05-15,iOS 16.5 Could Bring These New Features to Your iPhoneÂ Soon https://t.co/czAOg31KfM
2023-05-15,"RT @AppleMusic: #BTSARMY, this one's for you. ğŸ’œ

Listen to #D_DAY and get ready for #SUGA's final episode of #AgustDRadio at 7PM PT / 11AMâ€¦"
2023-05-15,This Song Is Tooo ğŸ”¥ğŸ”¥ğŸ”¥ğŸ”¥ğŸ”¥ https://t.co/IdDxSwr11q
2023-05-15,"RT @AppleMusic: #BTSARMY, this one's for you. ğŸ’œ

Listen to #D_DAY and get ready for #SUGA's final episode of #AgustDRadio at 7PM PT / 11AMâ€¦"
2023-05-15,"@JMUJONMAC @JMUSports Thanks, Jonathan - went with the change up and apple pie."
2023-05-15,"RT @AppleMusic: #BTSARMY, this one's for you. ğŸ’œ

Listen to #D_DAY and get ready for #SUGA's final episode of #AgustDRadio at 7PM PT / 11AMâ€¦"
2023-05-15,"RT @AppleMusic: #BTSARMY, this one's for you. ğŸ’œ

Listen to #D_DAY and get ready for #SUGA's final episode of #AgustDRadio at 7PM PT / 11AMâ€¦"
2023-05-15,"RT @AppleMusic: #BTSARMY, this one's for you. ğŸ’œ

Listen to #D_DAY and get ready for #SUGA's final episode of #AgustDRadio at 7PM PT / 11AMâ€¦"
2023-05-15,"RT @AppleMusic: #BTSARMY, this one's for you. ğŸ’œ

Listen to #D_DAY and get ready for #SUGA's final episode of #AgustDRadio at 7PM PT / 11AMâ€¦"
2023-05-15,"Republicans are putting our police officers in unnecessary danger. 

3 dead, 9 injured in New Mexico shooting, police say; suspect fatally shot - USA TODAY https://t.co/EIoqlv0d4z"
2023-05-15,"RT @AppleMusic: #BTSARMY, this one's for you. ğŸ’œ

Listen to #D_DAY and get ready for #SUGA's final episode of #AgustDRadio at 7PM PT / 11AMâ€¦"
2023-05-15,RT @CheemaWRLD: How i drink apple juice knowing itâ€™s the BEST juice https://t.co/soX0KAMGoT
2023-05-15,"RT @ProjectLincoln: Inducing fear in communities is a favorite tool of authoritarians. The far-right movement, @FoxNews, and the @GOP are aâ€¦"
2023-05-15,RT @veropat7: Hillary Clinton's plan to 'vilify' Trump by linking him to Putin was briefed to Obama and Biden before the election in 2016 -â€¦
2023-05-15,"RT @AppleMusic: #BTSARMY, this one's for you. ğŸ’œ

Listen to #D_DAY and get ready for #SUGA's final episode of #AgustDRadio at 7PM PT / 11AMâ€¦"
2023-05-15,"RT @MissDahlELama: If you are thinking ""Hey, I have read a *lot* of publishing threads from that Twitter lady, but does she also write bookâ€¦"
2023-05-15,"RT @AppleMusic: #BTSARMY, this one's for you. ğŸ’œ

Listen to #D_DAY and get ready for #SUGA's final episode of #AgustDRadio at 7PM PT / 11AMâ€¦"
2023-05-15,RT @pieszeckistann: that was a classiccc omg https://t.co/Ptlg1RZ3hQ
2023-05-15,take easy homie https://t.co/MY8Pmeec3K
2023-05-15,"RT @cryptoprof72: ğŸ”¥ 2023 Super Gem ğŸ”¥

There is a great token! It name is @AppleFan_Meta

Apple Fan Token today on PinkSale at 23:00 UTC âŒšï¸â€¦"
2023-05-15,"RT @AppleMusic: #BTSARMY, this one's for you. ğŸ’œ

Listen to #D_DAY and get ready for #SUGA's final episode of #AgustDRadio at 7PM PT / 11AMâ€¦"
2023-05-15,"RT @AppleMusic: #BTSARMY, this one's for you. ğŸ’œ

Listen to #D_DAY and get ready for #SUGA's final episode of #AgustDRadio at 7PM PT / 11AMâ€¦"
2023-05-15,"RT @AppleMusic: #BTSARMY, this one's for you. ğŸ’œ

Listen to #D_DAY and get ready for #SUGA's final episode of #AgustDRadio at 7PM PT / 11AMâ€¦"
2023-05-15,"RT @CB618444: Can you help @elonmusk @ellagirwin @TheRabbitHole84 

Signed up 4 blue 4/13. Itâ€™s a month no features. Countless emails backâ€¦"
2023-05-15,"RT @AppleMusic: #BTSARMY, this one's for you. ğŸ’œ

Listen to #D_DAY and get ready for #SUGA's final episode of #AgustDRadio at 7PM PT / 11AMâ€¦"
2023-05-15,"RT @aespaAM: Apple Music Global Top 100 Songs [230515]

#58 - Spicy (+33)

[DOC: 6 | PEAK: #58]
#aespa #Ã¦spa #ì—ìŠ¤íŒŒ #MYWORLD #aespa_MYWORLD #â€¦"
2023-05-15,"Many MLS fans fail to realize we still aren't a big league in the USA. Prior to the Apple deal, viewership was 7x less than NHL. To most Americans, Wrexham is far more compelling than MLS."
2023-05-15,"RT @AppleMusic: #BTSARMY, this one's for you. ğŸ’œ

Listen to #D_DAY and get ready for #SUGA's final episode of #AgustDRadio at 7PM PT / 11AMâ€¦"
2023-05-15,"RT @AppleMusic: #BTSARMY, this one's for you. ğŸ’œ

Listen to #D_DAY and get ready for #SUGA's final episode of #AgustDRadio at 7PM PT / 11AMâ€¦"
2023-05-15,"Check out my new single ""Platonic Love"" distributed by @DistroKid and live on Apple Music! https://t.co/MKms6B9iyr"
2023-05-15,Please take a Few Minutes to Check Us Out on Your #Mobile #iPad or #Computer at https://t.co/9q4Y3yhBex
2023-05-15,"RT @AppleMusic: #BTSARMY, this one's for you. ğŸ’œ

Listen to #D_DAY and get ready for #SUGA's final episode of #AgustDRadio at 7PM PT / 11AMâ€¦"
2023-05-15,"RT @AppleMusic: #BTSARMY, this one's for you. ğŸ’œ

Listen to #D_DAY and get ready for #SUGA's final episode of #AgustDRadio at 7PM PT / 11AMâ€¦"
2023-05-15,"RT @AppleMusic: #BTSARMY, this one's for you. ğŸ’œ

Listen to #D_DAY and get ready for #SUGA's final episode of #AgustDRadio at 7PM PT / 11AMâ€¦"
2023-05-15,"RT @AppleMusic: #BTSARMY, this one's for you. ğŸ’œ

Listen to #D_DAY and get ready for #SUGA's final episode of #AgustDRadio at 7PM PT / 11AMâ€¦"
2023-05-15,Watch Rep. Tim Burchett try (and fail) to explain a key Biden-Trump double standard - MSNBC https://t.co/JRoGmWlHs3
2023-05-15,"Ep. 100 of ""The Patriots Report"" is LIVE: I talk to @SweetFeet_White about NE's offense &amp; the ground game in particular. We also talk Bill O'Brien, Mac Jones, retirement, a possible coaching career &amp; more.

@BleavNetwork | @BleavSports | @betonline_ag 

https://t.co/9OHb25UrON https://t.co/EHlC682s9k"
2023-05-15,"@cryptofyre @ToastyTheEngie @fangytasuki @verge oh yeah lightning is such a great connector, is that why Apple removed it from all the Pro iPads years ago and replaced it with USB C?

itâ€™s a 10y old connector running at USB 2.0(2001 tech) speeds, itâ€™s embarrassingly outdated"
2023-05-15,RT @jeffwellz: Know whatâ€™s fun? Some women fi be intentionally oblivious to it all. April inside your man dey struggle buy you KFC streetwiâ€¦
2023-05-15,"RT @AppleMusic: #BTSARMY, this one's for you. ğŸ’œ

Listen to #D_DAY and get ready for #SUGA's final episode of #AgustDRadio at 7PM PT / 11AMâ€¦"
2023-05-15,"premium accountsâ˜˜ï¸

à§² netflix
à§² spotify
à§² deezer
à§² apple music
à§² youtube
à§² amazon prime video
à§² disney +
à§² iwant tfc
à§² calm
à§² yousician
à§² shudder
à§² pureflix
à§² epidemic sound
à§² tidal
à§² amc+
à§² stan
à§² britbox
à§² blinkist
à§² asian crush
à§² crunchyroll
à§² discovery +
à§² viu
à§² mubi
à§² kocowa https://t.co/VwEC9VBakG"
2023-05-15,Rudy Giuliani sued for $10 million by former aide over alleged sexual assault - Reuters https://t.co/lg5F65XP5Q
2023-05-15,"â€œMigration patterns for lower-education workers make complete sense,â€ said Daniel Shoag, an economist at Case Western Reserve University. â€œFor college-educated workers, itâ€™s more of a puzzle.â€ via @NYTimes ğŸ‡ºğŸ‡¸ğŸ’ªğŸ˜“ https://t.co/RVakzC4WIk"
2023-05-15,"RT @buttonsbutt484: Poilievre perceived to be more competent than Trudeau, national poll shows - National Post  https://t.co/W5zn2JOVaw"
2023-05-15,"RT @BPTG_OFFICIAL: Jisoo, Jennie, RosÃ©, and Lisa are having a group chat! Let's go take a peek at what they are talking aboutğŸ‘€

ğŸ‰ Pre-regisâ€¦"
2023-05-15,Fulton County DA opposes Trump's efforts to toss special grand jury report on 2020 election interference - CNN Politics https://t.co/WrVFazTei0
2023-05-15,RT @CheemaWRLD: How i drink apple juice knowing itâ€™s the BEST juice https://t.co/soX0KAMGoT
2023-05-15,@ba11gir1 @ryaholloway3 @brad_polumbo @LP_CLC Does the apple store need government regulations and phone licensing to fix an iPhone?
2023-05-15,@AyM3n_KcM @limneos Yeahhh I'm never going to be buying iOS tweaks when there's zero real recourse when things go wrong + the jailbreaks the tweaks depend on are not stable at ALL
2023-05-15,@JebraFaushay If it looks like an apple and tastes like an apple then letâ€™s face it IT IS AN APPLE!!!!
2023-05-15,"beda2 tiap negara :)
Indonesia tuh nkcthi, surat kecil untuk tuhan
Hollywood love, rosie a walk to remember
Bollywood Mohabbatein
Korea The Classic, Il Mare, Hello Ghost
Jepang I want to eat your pancreas
China, You are the apple of my eye
Thailand, A little thing called love https://t.co/MBhW6hU4LS"
2023-05-15,"RT @AppleMusic: #BTSARMY, this one's for you. ğŸ’œ

Listen to #D_DAY and get ready for #SUGA's final episode of #AgustDRadio at 7PM PT / 11AMâ€¦"
2023-05-15,"RT @AppleMusic: #BTSARMY, this one's for you. ğŸ’œ

Listen to #D_DAY and get ready for #SUGA's final episode of #AgustDRadio at 7PM PT / 11AMâ€¦"
2023-05-15,RT @LouDobbs: Former Head of Immigration and Customs Enforcement @Tom_D_Homan says the criminal Cartels are now in all our major cities. MSâ€¦
2023-05-15,@BayPH0T0S @ChidiKamediW I tried this am apple blossoms in Vermont ğŸ¤¦ğŸ¤·â€â™‚ï¸ğŸ˜‚ https://t.co/tlV5pxWKSR
2023-05-15,RT @CheemaWRLD: How i drink apple juice knowing itâ€™s the BEST juice https://t.co/soX0KAMGoT
2023-05-15,"RT @AppleMusic: #BTSARMY, this one's for you. ğŸ’œ

Listen to #D_DAY and get ready for #SUGA's final episode of #AgustDRadio at 7PM PT / 11AMâ€¦"
2023-05-15,"RT @cryptotommy88: ğŸ”¥ 2023 Super Gem ğŸ”¥

There is a great token! It name is @AppleFan_Meta

Apple Fan Token today on PinkSale at 23:00 UTC âŒšï¸â€¦"
2023-05-15,"RT @AppleMusic: #BTSARMY, this one's for you. ğŸ’œ

Listen to #D_DAY and get ready for #SUGA's final episode of #AgustDRadio at 7PM PT / 11AMâ€¦"
2023-05-15,"RT @AppleMusic: #BTSARMY, this one's for you. ğŸ’œ

Listen to #D_DAY and get ready for #SUGA's final episode of #AgustDRadio at 7PM PT / 11AMâ€¦"
2023-05-15,"RT @_FourteenTwenty: Better late then never! 14:20 In the Morning, Leafs and Oilers Post Mortem #LeafsForever #LetsGoOilers #NHLPlayoffs 
hâ€¦"
2023-05-15,Maybe I just suffer iPhone Addiction but Iâ€™ve definitely seen my phone in my dreamsâ€¦ likeâ€¦ often too ğŸ˜­ https://t.co/43ogvwpucU
2023-05-15,"RT @ParkJimin_FBArg: ğŸ“Š|| Apple Music ArgentinaÂ  ğŸ‡¦ğŸ‡·

ğŸ”¸Top Songs
Â¬ Like Crazy â€” #78
Â¬ Like Crazy English â€” #169

Â ğŸ”¸Top Ãlbumes
Â¬ FACE â€” #23â€¦"
2023-05-15,"RT @AppleMusic: #BTSARMY, this one's for you. ğŸ’œ

Listen to #D_DAY and get ready for #SUGA's final episode of #AgustDRadio at 7PM PT / 11AMâ€¦"
2023-05-15,"RT @1xBet_Eng: It's finally here! To celebrate reaching 100K followers, we're hosting a massive GIVEAWAY ğŸ

The list of prizes:
1ï¸âƒ£ MacBookâ€¦"
2023-05-15,RT @CheemaWRLD: How i drink apple juice knowing itâ€™s the BEST juice https://t.co/soX0KAMGoT
2023-05-15,RT @amourranne: Idk abt yâ€™all but I donâ€™t pay for Apple Music  ğŸ˜‚
2023-05-15,"RT @AppleMusic: #BTSARMY, this one's for you. ğŸ’œ

Listen to #D_DAY and get ready for #SUGA's final episode of #AgustDRadio at 7PM PT / 11AMâ€¦"
2023-05-15,"RT @AppleMusic: #BTSARMY, this one's for you. ğŸ’œ

Listen to #D_DAY and get ready for #SUGA's final episode of #AgustDRadio at 7PM PT / 11AMâ€¦"
2023-05-15,RT @Shazam: #Acrostico by @shakira leads our #BestNewMusic playlist on @AppleMusic: https://t.co/EhlVAMngGD ğŸ’™ https://t.co/aAMPREWEFN
2023-05-15,"RT @AppleMusic: #BTSARMY, this one's for you. ğŸ’œ

Listen to #D_DAY and get ready for #SUGA's final episode of #AgustDRadio at 7PM PT / 11AMâ€¦"
2023-05-15,"RT @chatgpttrader: Introducing the GPT Fund

Stock ticker followed by GPT Score:

$BRK.A - 96
$GOOGL - 92
$DVA - 92
$INSW - 92
$DHI - 92
$Aâ€¦"
2023-05-15,"â€œMost winning trading community, Get next winning alerts here:https://t.co/eczka1RFoB

$SPY $QQQ $AMZN $NVDA $BA $TSLA $BABA $AMD $AAPL $NFLX $TWTR $AAL https://t.co/paJeUR3680"
2023-05-15,"RT @ROMANSBACK69: Apple Music Barbz, we are falling on all chartsğŸ¥´

Get your ass up and stream all of Nickiâ€™s 2023 releases in the link belâ€¦"
2023-05-15,"RT @AppleMusic: #BTSARMY, this one's for you. ğŸ’œ

Listen to #D_DAY and get ready for #SUGA's final episode of #AgustDRadio at 7PM PT / 11AMâ€¦"
2023-05-15,"RT @AppleMusic: #BTSARMY, this one's for you. ğŸ’œ

Listen to #D_DAY and get ready for #SUGA's final episode of #AgustDRadio at 7PM PT / 11AMâ€¦"
2023-05-15,"RT @aespaDIRECT: Apple Music Korea Top 100 Daily Songs Chart ğŸ“Š

#1 SpicyğŸ”ºğŸ”¥
#7 Thirsty ğŸ”»
#14 Welcome To MY WorldğŸ”»
#23 Salty &amp; Sweet ğŸ”»
#29 I'â€¦"
2023-05-15,"Ron Johnson recommends impeachment votes, but not for Biden - MSNBC https://t.co/ig3dPMb4h4"
2023-05-15,@blindtechnician I hear you. Makes sense. The website doesn't make sense to me. I'm not young like you. I can't adapt to an iPhone.
2023-05-15,RT @PeteCityPrice: On my #Podcast this week Iâ€™m chatting to Number 1 Sunday Times author @taylor_davinia Listen in full on @ApplePodcasts @â€¦
2023-05-15,RT @amourranne: Idk abt yâ€™all but I donâ€™t pay for Apple Music  ğŸ˜‚
2023-05-15,"RT @AppleMusic: #BTSARMY, this one's for you. ğŸ’œ

Listen to #D_DAY and get ready for #SUGA's final episode of #AgustDRadio at 7PM PT / 11AMâ€¦"
2023-05-15,"$SPY BUY THE DIP
https://t.co/7JEizY1xsH

$MDLY $JILL  $GRIL $JAGX $INO  $BYFC $TSLA $SPY $BOXL $AAPL $AYRO $ACHV $ABUS $TLRY https://t.co/nmPfgWwoKS"
2023-05-15,"RT @AppleMusic: #BTSARMY, this one's for you. ğŸ’œ

Listen to #D_DAY and get ready for #SUGA's final episode of #AgustDRadio at 7PM PT / 11AMâ€¦"
2023-05-15,"RT @BeatzzzBlake: ""Romance"" | Dancehall Riddim Instrumental 2023

ğŸ’° Buy Beat (Instant Download | No Tags): https://t.co/2Z4tKCc9Yd

ğŸ”Š Listeâ€¦"
2023-05-15,"RT @BasicAppleGuy: Mosaic iPhone Wallpapers ğŸ“±
https://t.co/qjuplBk6cU https://t.co/sF4wBp2Ryr"
2023-05-15,RT @morgfair: US senator denounced as â€˜profoundly ignorant manâ€™ over remarks on Mexico - The Guardian https://t.co/OAqPsI1hAi
2023-05-15,@o_ohanbin the apple doesnâ€™t fall far from the tree https://t.co/Vhld4iOtSg
2023-05-15,"RT @AppleMusic: #BTSARMY, this one's for you. ğŸ’œ

Listen to #D_DAY and get ready for #SUGA's final episode of #AgustDRadio at 7PM PT / 11AMâ€¦"
2023-05-15,"RT @AppleMusic: #BTSARMY, this one's for you. ğŸ’œ

Listen to #D_DAY and get ready for #SUGA's final episode of #AgustDRadio at 7PM PT / 11AMâ€¦"
2023-05-15,"Brain drain? ğŸ§ğŸ¤”

The college graduates who fill white-collar jobs in the San Francisco area began to leave in growing numbers about a decade ago. 

More and more have moved to other parts of the country â€” an accelerating outflow of â€¦ ğŸ‘‡ https://t.co/VKRxssSgZK"
2023-05-15,Trump Can't Stop Bashing Fox News and Trolling CNN - Rolling Stone https://t.co/F7ZnW9uhDq
2023-05-15,RT @shhyaaa2: Apple donâ€™t fall too far from the tree do it? ğŸ˜‚ğŸ˜‚ğŸ˜‚ğŸ¤£ğŸ¤£ğŸ¤£
2023-05-15,RT @tswiftamupdates: â€˜Cruel Summerâ€™ has surpassed â€˜Anti-Heroâ€™ for the first time ever and is now Taylor Swiftâ€™s highest charting song on USâ€¦
2023-05-15,RT @Inkling61: The 400 videos dated back 25 years and captured Walker committing hundreds of acts of rape and other sex crimes on dozens ofâ€¦
2023-05-15,"RT @AppleMusic: #BTSARMY, this one's for you. ğŸ’œ

Listen to #D_DAY and get ready for #SUGA's final episode of #AgustDRadio at 7PM PT / 11AMâ€¦"
2023-05-15,"RT @AppleMusic: #BTSARMY, this one's for you. ğŸ’œ

Listen to #D_DAY and get ready for #SUGA's final episode of #AgustDRadio at 7PM PT / 11AMâ€¦"
2023-05-15,"11k Apple Pay hits shit way too easy if your not tapped in then you miss out ğŸ”¥
https://t.co/Ga86woq05d
https://t.co/Ga86woq05d https://t.co/UTfELxd46p"
2023-05-15,"RT @AppleMusic: #BTSARMY, this one's for you. ğŸ’œ

Listen to #D_DAY and get ready for #SUGA's final episode of #AgustDRadio at 7PM PT / 11AMâ€¦"
2023-05-15,"and now i'm backing them up cause my ipad is full and i can only name so many files ""mgs - pee"""
2023-05-15,"RT @AppleMusic: #BTSARMY, this one's for you. ğŸ’œ

Listen to #D_DAY and get ready for #SUGA's final episode of #AgustDRadio at 7PM PT / 11AMâ€¦"
2023-05-15,"RT @AppleMusic: #BTSARMY, this one's for you. ğŸ’œ

Listen to #D_DAY and get ready for #SUGA's final episode of #AgustDRadio at 7PM PT / 11AMâ€¦"
2023-05-15,@PivotPod I hope you cover the WSJ article about Bob Lee this week. https://t.co/M1nUrYiSTC
2023-05-15,"RT @AppleMusic: #BTSARMY, this one's for you. ğŸ’œ

Listen to #D_DAY and get ready for #SUGA's final episode of #AgustDRadio at 7PM PT / 11AMâ€¦"
2023-05-15,"RT @AppleMusic: #BTSARMY, this one's for you. ğŸ’œ

Listen to #D_DAY and get ready for #SUGA's final episode of #AgustDRadio at 7PM PT / 11AMâ€¦"
2023-05-15,"RT @cindi_feriby: Biden administration may halt plans to move Space Command to Alabama over state's abortion law, officials say - NBC Newsâ€¦"
2023-05-15,"RT @AppleMusic: #BTSARMY, this one's for you. ğŸ’œ

Listen to #D_DAY and get ready for #SUGA's final episode of #AgustDRadio at 7PM PT / 11AMâ€¦"
2023-05-15,"RT @AppleMusic: #BTSARMY, this one's for you. ğŸ’œ

Listen to #D_DAY and get ready for #SUGA's final episode of #AgustDRadio at 7PM PT / 11AMâ€¦"
2023-05-15,"RT @Swift01_2000: Former RCMP officers call on Ontario to get to the bottom of $372M in suspicious casino transactions - CTV News 

#ONPoliâ€¦"
2023-05-15,"RT @CZArmyUSA: ğŸ”¥ 2023 Super Gem ğŸ”¥

There is a great token! It name is @AppleFan_Meta

Apple Fan Token today on PinkSale at 23:00 UTC âŒšï¸

ğŸ‘‰ğŸ»â€¦"
2023-05-15,RT @CheemaWRLD: How i drink apple juice knowing itâ€™s the BEST juice https://t.co/soX0KAMGoT
2023-05-15,"RT @drdave1999: Ron DeSantis will sign a bill allowing him to remain in office as FLâ€™s Governor while campaigning for the presidency, and tâ€¦"
2023-05-15,"@andrewjclare Samsung wins the look of the camera array, I like  the rest of the iPhone look better though."
2023-05-15,RT @MichaelCohen212: How can anyone support the â¦current @GOP? â© â¦@RudyGiulianiâ© sued for $10 million over sexual assault allegations - â¦@tâ€¦
2023-05-15,How u go to the trailer park to that nice luxury home u know Apple Music bout get took
2023-05-15,Report: Trumpâ€™s Adviser Egged Him On to Be Even More of an A-hole During Last Weekâ€™s CNN Town Hall - Vanity Fair https://t.co/KCWIzNjlzz
2023-05-15,"@_Shannon_Knight So she's had an issue where several of her books are being listed in the US store for $1-$3 less than what she submitted them as, and I can't find where it's just price-matched. Have you heard of that, Apple dropping the price below suggested retail listing?"
2023-05-15,"@SariellaForever Theyâ€™re jealous of the attention you give it. Tina here is the same, with iPad, phone, computerâ€¦"
2023-05-15,"Baby baby baby ğŸ¼

https://t.co/pCnt4nA0Lj"
2023-05-15,"RT @AppleMusic: #BTSARMY, this one's for you. ğŸ’œ

Listen to #D_DAY and get ready for #SUGA's final episode of #AgustDRadio at 7PM PT / 11AMâ€¦"
2023-05-15,"RT @AppleMusic: #BTSARMY, this one's for you. ğŸ’œ

Listen to #D_DAY and get ready for #SUGA's final episode of #AgustDRadio at 7PM PT / 11AMâ€¦"
2023-05-15,@PicturesFoIder same with apple music ğŸ˜‚
2023-05-15,"RT @sweetbee_v: You're my honeybunch, sugarplum
Pumpy-umpy-umpkin
You're my sweetie pie
You're my cuppycake
Gumdrop, snoogums-boogums
You'râ€¦"
2023-05-15,"RT @AppleMusic: #BTSARMY, this one's for you. ğŸ’œ

Listen to #D_DAY and get ready for #SUGA's final episode of #AgustDRadio at 7PM PT / 11AMâ€¦"
2023-05-15,"RT @kristabellerina: Why, yes, Apple Watch, I think it is time for me to standâ€”

â€”in front of the freezer while I eat ice cream out of theâ€¦"
2023-05-15,"RT @Jasamgurlie: If you like podcasts, listen to this one. Hilarious even if you donâ€™t follow the show. ğŸ˜‚ğŸ˜­ https://t.co/hm38V349Gz"
2023-05-15,"RT @AppleMusic: #BTSARMY, this one's for you. ğŸ’œ

Listen to #D_DAY and get ready for #SUGA's final episode of #AgustDRadio at 7PM PT / 11AMâ€¦"
2023-05-15,"RT @USBTSARMY: ARMY! The final Episode of #SUGA_AgustD Radio is tonight!

ğŸ”—https://t.co/pTlWpgE977

EPISODE 5
ğŸ—“ï¸May 15, 2023
â°7pm PT
(4pm Hâ€¦"
2023-05-15,"RT @JoelOsteen: Your will is more powerful than your feelings. Start thinking faith-filled thoughts: hopeful, positive, uplifting. Thatâ€™s wâ€¦"
2023-05-15,"RT @AppleMusic: #BTSARMY, this one's for you. ğŸ’œ

Listen to #D_DAY and get ready for #SUGA's final episode of #AgustDRadio at 7PM PT / 11AMâ€¦"
2023-05-15,"RT @AppleMusic: #BTSARMY, this one's for you. ğŸ’œ

Listen to #D_DAY and get ready for #SUGA's final episode of #AgustDRadio at 7PM PT / 11AMâ€¦"
2023-05-15,"RT @MiyaRepostBot: drugs? No thanks, I'm high on 12 raw eggs every day, 2 week fasts, eating dirt, semen retention, cold exposure, calistheâ€¦"
2023-05-15,"RT @aespaDIRECT: Apple Music Korea Top 100 Daily Songs Chart ğŸ“Š

#1 SpicyğŸ”ºğŸ”¥
#7 Thirsty ğŸ”»
#14 Welcome To MY WorldğŸ”»
#23 Salty &amp; Sweet ğŸ”»
#29 I'â€¦"
2023-05-15,"RT @AppleMusic: #BTSARMY, this one's for you. ğŸ’œ

Listen to #D_DAY and get ready for #SUGA's final episode of #AgustDRadio at 7PM PT / 11AMâ€¦"
2023-05-15,"RT @AppleMusic: #BTSARMY, this one's for you. ğŸ’œ

Listen to #D_DAY and get ready for #SUGA's final episode of #AgustDRadio at 7PM PT / 11AMâ€¦"
2023-05-15,"RT @Papi_B_Dubs: Republican Leadership to James Comer right now.  

James why the hell didnâ€™t you give the Whistleblower that Apple AirTagâ€¦"
2023-05-15,"RT @AppleMusic: #BTSARMY, this one's for you. ğŸ’œ

Listen to #D_DAY and get ready for #SUGA's final episode of #AgustDRadio at 7PM PT / 11AMâ€¦"
2023-05-15,i wish i could scroll through the media on my apple watch
2023-05-15,RT @MichaelCohen212: How can anyone support the â¦current @GOP? â© â¦@RudyGiulianiâ© sued for $10 million over sexual assault allegations - â¦@tâ€¦
2023-05-15,"@bigcjat @xspectDS Apple just wants actually sales instead of credit sales they give to customers ğŸ™„.  What if one door is unreal world  and another door is more VR, and another door leads to who knows.  @xspectDS"
2023-05-15,"RT @AppleMusic: #BTSARMY, this one's for you. ğŸ’œ

Listen to #D_DAY and get ready for #SUGA's final episode of #AgustDRadio at 7PM PT / 11AMâ€¦"
2023-05-15,"RT @AppleMusic: #BTSARMY, this one's for you. ğŸ’œ

Listen to #D_DAY and get ready for #SUGA's final episode of #AgustDRadio at 7PM PT / 11AMâ€¦"
2023-05-15,"RT @JAMJAMPICS: have you pre-saved â€˜angel pt. 1â€™ feat. #JIMIN on spotify, apple music or deezer? ğŸï¸

coming on may 18, 9 pm kst.
please doâ€¦"
2023-05-15,@NAACPYOUNGBOY Really had us fooled https://t.co/VeeIuGQu2t
2023-05-15,"Some tweets do not age well at all. Yikes. 

But then again, 

I am the same idiot who famously said in 2007, that no idiot will buy a 400 dollar iPhone. ğŸ˜› https://t.co/rqBN6dT5Ay"
2023-05-15,"RT @AppleMusic: #BTSARMY, this one's for you. ğŸ’œ

Listen to #D_DAY and get ready for #SUGA's final episode of #AgustDRadio at 7PM PT / 11AMâ€¦"
2023-05-15,"RT @AppleMusic: #BTSARMY, this one's for you. ğŸ’œ

Listen to #D_DAY and get ready for #SUGA's final episode of #AgustDRadio at 7PM PT / 11AMâ€¦"
2023-05-15,"RT @aespaDIRECT: Apple Music Korea Top 100 Daily Songs Chart ğŸ“Š

#1 SpicyğŸ”ºğŸ”¥
#7 Thirsty ğŸ”»
#14 Welcome To MY WorldğŸ”»
#23 Salty &amp; Sweet ğŸ”»
#29 I'â€¦"
2023-05-15,Check out Lot of 3 New York City Fridge Magnets (Manhattan Statue of Liberty Big Apple) https://t.co/NAbiwvjZhJ #eBay via @eBay
2023-05-15,"RT @KolbyRizzo: Poilievre perceived to be more competent than Trudeau, national poll shows - National Post https://t.co/8XqQ4An9FH"
2023-05-15,RT @CheemaWRLD: How i drink apple juice knowing itâ€™s the BEST juice https://t.co/soX0KAMGoT
2023-05-15,@ambitioustayyy And this why I donâ€™t use because I donâ€™t understand why itâ€™s t not free. Or atleast free for a yr like Apple TV.
2023-05-15,"RT @AppleMusic: #BTSARMY, this one's for you. ğŸ’œ

Listen to #D_DAY and get ready for #SUGA's final episode of #AgustDRadio at 7PM PT / 11AMâ€¦"
2023-05-15,"RT @AppleMusic: #BTSARMY, this one's for you. ğŸ’œ

Listen to #D_DAY and get ready for #SUGA's final episode of #AgustDRadio at 7PM PT / 11AMâ€¦"
2023-05-15,"RT @AppleMusic: #BTSARMY, this one's for you. ğŸ’œ

Listen to #D_DAY and get ready for #SUGA's final episode of #AgustDRadio at 7PM PT / 11AMâ€¦"
2023-05-15,"https://t.co/czlK4kvm5l

He was in his bag so crazy on this"
2023-05-15,"RT @AppleMusic: #BTSARMY, this one's for you. ğŸ’œ

Listen to #D_DAY and get ready for #SUGA's final episode of #AgustDRadio at 7PM PT / 11AMâ€¦"
2023-05-15,"RT @AppleMusic: #BTSARMY, this one's for you. ğŸ’œ

Listen to #D_DAY and get ready for #SUGA's final episode of #AgustDRadio at 7PM PT / 11AMâ€¦"
2023-05-15,Join PeachLive and input my invitation code TBTB3Z to get 20 free coins! Enjoy live video chat at https://t.co/oy9meuXXWA
2023-05-15,"RT @JoelOsteen: Your will is more powerful than your feelings. Start thinking faith-filled thoughts: hopeful, positive, uplifting. Thatâ€™s wâ€¦"
2023-05-15,"RT @searchfi_eth: APPLE ğŸ¤ CEBG

2 X WL
 
âœ¨Airdrop in May and June
âš¡ï¸Free &amp; Fight to Win &amp; Earn
âœ¨Google Play :CEBG

To enter:
ğŸŸ£Follow 
@CEBGâ€¦"
2023-05-15,iPhone Supplier Foxconn Leans Into EV Future - CNET https://t.co/8JJHeFOW8X
2023-05-15,RT @amourranne: Idk abt yâ€™all but I donâ€™t pay for Apple Music  ğŸ˜‚
2023-05-15,"RT @AppleMusic: #BTSARMY, this one's for you. ğŸ’œ

Listen to #D_DAY and get ready for #SUGA's final episode of #AgustDRadio at 7PM PT / 11AMâ€¦"
2023-05-15,RT @amourranne: Idk abt yâ€™all but I donâ€™t pay for Apple Music  ğŸ˜‚
2023-05-15,"RT @AppleMusic: #BTSARMY, this one's for you. ğŸ’œ

Listen to #D_DAY and get ready for #SUGA's final episode of #AgustDRadio at 7PM PT / 11AMâ€¦"
2023-05-15,RT @amourranne: Idk abt yâ€™all but I donâ€™t pay for Apple Music  ğŸ˜‚
2023-05-15,"RT @foroxjaehan: FOR X~!ğŸ’š There's another voting poll that OMEGA X is included~

-Download the HYPER-B app (play/apple store)
-you can useâ€¦"
2023-05-15,"RT @BPTG_OFFICIAL: Jisoo, Jennie, RosÃ©, and Lisa are having a group chat! Let's go take a peek at what they are talking aboutğŸ‘€

ğŸ‰ Pre-regisâ€¦"
2023-05-15,"RT @AppleMusic: #BTSARMY, this one's for you. ğŸ’œ

Listen to #D_DAY and get ready for #SUGA's final episode of #AgustDRadio at 7PM PT / 11AMâ€¦"
2023-05-15,RT @CheemaWRLD: How i drink apple juice knowing itâ€™s the BEST juice https://t.co/soX0KAMGoT
2023-05-15,I hate iphone
2023-05-15,Idk why/how I got a spam text message from a iPhone. So strange and weird
2023-05-15,RT @stormbun: dead apple!dazai didnâ€™t HAVE to touch chuuyaâ€™s face tenderly in order to nullify corruption and call chuuyaâ€™s actions â€œbeautiâ€¦
2023-05-15,"RT @1208cart_: . . . ğŸ›’ wts lfb ph

   ğ“‚‹ macbook air retina 2020

   â•° â‚±38,000
   â•° 256gb | silver
   â•° great condition, complete inclu w boâ€¦"
2023-05-15,"RT @ProductionRoxy: Apple bobbing xD

Dream and Staremare belong to Jokublog
Cross belongs to JakeiArtwork https://t.co/si074UdzuH"
2023-05-15,"RT @AppleMusic: #BTSARMY, this one's for you. ğŸ’œ

Listen to #D_DAY and get ready for #SUGA's final episode of #AgustDRadio at 7PM PT / 11AMâ€¦"
2023-05-15,RT @Tomariiiiii: Idgaf what yâ€™all say orange juice better the apple juice letâ€™s argue.. https://t.co/ofwFvyaJDD
2023-05-15,RT @veropat7: Hillary Clinton's plan to 'vilify' Trump by linking him to Putin was briefed to Obama and Biden before the election in 2016 -â€¦
2023-05-15,"RT @aespaAM: Apple Music Daily Top 100 Songs [230515]

Spicy:
#1 - South Korea (+1)
#5 - Taiwan (=)
#12 - Hong Kong (=)
#12 - Vietnam (-2)â€¦"
2023-05-15,"RT @AppleMusic: #BTSARMY, this one's for you. ğŸ’œ

Listen to #D_DAY and get ready for #SUGA's final episode of #AgustDRadio at 7PM PT / 11AMâ€¦"
2023-05-15,"RT @AppleMusic: #BTSARMY, this one's for you. ğŸ’œ

Listen to #D_DAY and get ready for #SUGA's final episode of #AgustDRadio at 7PM PT / 11AMâ€¦"
2023-05-15,craving apple cider like crazy rn
2023-05-15,"RT @AppleMusic: #BTSARMY, this one's for you. ğŸ’œ

Listen to #D_DAY and get ready for #SUGA's final episode of #AgustDRadio at 7PM PT / 11AMâ€¦"
2023-05-15,cran-apple is the best! https://t.co/8Mc9fCHPIQ
2023-05-15,"RT @CaptDrimmie: Instead of extracting our own shale gas, of which we have abundant supplies, we import it - what is â€˜greenâ€™ about that??â€¦"
2023-05-15,"@gergely_kalman @LinusTech A massive oversight that they still havenâ€™t rectified, thatâ€™s just the Apple way thoughâ€¦ form over function."
2023-05-15,"RT @AppleMusic: #BTSARMY, this one's for you. ğŸ’œ

Listen to #D_DAY and get ready for #SUGA's final episode of #AgustDRadio at 7PM PT / 11AMâ€¦"
2023-05-15,RT @CheemaWRLD: How i drink apple juice knowing itâ€™s the BEST juice https://t.co/soX0KAMGoT
2023-05-15,"like come on i ate an apple + almost 2 cookie sandwiches with icing in between them (so basically 4 cookies with filling to make one sandwich) + IT TASTED SO FUCKING DISGUSTING like genuinely the most useless, regretable thing ive ever eaten i dont understand why i kept eating it"
2023-05-15,RT @CheemaWRLD: How i drink apple juice knowing itâ€™s the BEST juice https://t.co/soX0KAMGoT
2023-05-15,"ğŸ‘†BUY DOX

@BigNik,@Tanin_Kabul,@72m2n,@ss_pine_apple,@brandon20161280,@MaziJoshua001,@vinesshh01,@Slimanebelghou3"
2023-05-15,"RT @cryptoprof72: ğŸ”¥ 2023 Super Gem ğŸ”¥

There is a great token! It name is @AppleFan_Meta

Apple Fan Token today on PinkSale at 23:00 UTC âŒšï¸â€¦"
2023-05-15,"RT @RealTalkRJ: We're hearing reports some UCP door knockers are imploring voters to support the party despite negative headlines, implyingâ€¦"
2023-05-15,RT @fathercryptmas: The Wolf @scottmelker discussing @QredoNetwork - glad to know the leaders in Crypto are FINALLY becoming aware of the aâ€¦
2023-05-15,"RT @AppleMusic: #BTSARMY, this one's for you. ğŸ’œ

Listen to #D_DAY and get ready for #SUGA's final episode of #AgustDRadio at 7PM PT / 11AMâ€¦"
2023-05-15,RT @OGFLWRCHLD: My phone has been on DND since Apple made it a thing.
2023-05-15,"RT @AppleMusic: #BTSARMY, this one's for you. ğŸ’œ

Listen to #D_DAY and get ready for #SUGA's final episode of #AgustDRadio at 7PM PT / 11AMâ€¦"
2023-05-15,RT @TheFrogHoller: Celebrating Eddy Arnold on his birthday! â€“ country singer/songwriter/guitar/banjo/actor â€“ hits include â€“ Cattle Call â€“ Mâ€¦
2023-05-15,"RT @AppleMusic: #BTSARMY, this one's for you. ğŸ’œ

Listen to #D_DAY and get ready for #SUGA's final episode of #AgustDRadio at 7PM PT / 11AMâ€¦"
2023-05-15,RT @fresk0_: Hey everyone! I recently seen a concept version of Appleâ€™s upcoming MacOS and decided to give it a try with my own visual concâ€¦
2023-05-15,@jawshonthebeat Apple sure does loves them some notches lol
2023-05-15,"RT @AppleMusic: #BTSARMY, this one's for you. ğŸ’œ

Listen to #D_DAY and get ready for #SUGA's final episode of #AgustDRadio at 7PM PT / 11AMâ€¦"
2023-05-15,Apple blossoms #summer2023 #Blooming https://t.co/yy9l4XfuyH
2023-05-15,"RT @AppleMusic: #BTSARMY, this one's for you. ğŸ’œ

Listen to #D_DAY and get ready for #SUGA's final episode of #AgustDRadio at 7PM PT / 11AMâ€¦"
2023-05-15,"RT @AppleMusic: #BTSARMY, this one's for you. ğŸ’œ

Listen to #D_DAY and get ready for #SUGA's final episode of #AgustDRadio at 7PM PT / 11AMâ€¦"
2023-05-15,"@zentreya Got a tip for food poisoning get Pedialyte or equivalent super hydration drink

Because if you throw up, you can quickly get dehydrated and it makes it all the worse and this stuff is way better then gatorade

I know cause I got food poisoning from a gas station apple pie once"
2023-05-15,"RT @cindi_feriby: Biden administration may halt plans to move Space Command to Alabama over state's abortion law, officials say - NBC Newsâ€¦"
2023-05-15,"RT @AppleMusic: #BTSARMY, this one's for you. ğŸ’œ

Listen to #D_DAY and get ready for #SUGA's final episode of #AgustDRadio at 7PM PT / 11AMâ€¦"
2023-05-15,Education about space! https://t.co/mJuiOLNKUX
2023-05-15,"RT @AppleMusic: #BTSARMY, this one's for you. ğŸ’œ

Listen to #D_DAY and get ready for #SUGA's final episode of #AgustDRadio at 7PM PT / 11AMâ€¦"
2023-05-15,RT @amourranne: Idk abt yâ€™all but I donâ€™t pay for Apple Music  ğŸ˜‚
2023-05-15,i spit out my apple juice https://t.co/iyvpQRnO58
2023-05-15,"RT @AppleMusic: #BTSARMY, this one's for you. ğŸ’œ

Listen to #D_DAY and get ready for #SUGA's final episode of #AgustDRadio at 7PM PT / 11AMâ€¦"
2023-05-15,"What an era, man https://t.co/lAOOpt0RxH"
2023-05-15,RT @CheemaWRLD: How i drink apple juice knowing itâ€™s the BEST juice https://t.co/soX0KAMGoT
2023-05-15,"RT @AppleMusic: #BTSARMY, this one's for you. ğŸ’œ

Listen to #D_DAY and get ready for #SUGA's final episode of #AgustDRadio at 7PM PT / 11AMâ€¦"
2023-05-15,"RT @SmartchoiceList: ACV Gummies For Acid Reflux The Best #Apple Cider Vinegars for Sipping, Cooking, and Much More #acvgummies #acv #goligâ€¦"
2023-05-15,"RT @AppleMusic: #BTSARMY, this one's for you. ğŸ’œ

Listen to #D_DAY and get ready for #SUGA's final episode of #AgustDRadio at 7PM PT / 11AMâ€¦"
2023-05-15,"RT @My_babyanme: DeSantis the definition of dirty, corrupt politics. Who is behind the DeSantis cloud of gloom?

Federal prosecutors seek tâ€¦"
2023-05-15,RT @CheemaWRLD: How i drink apple juice knowing itâ€™s the BEST juice https://t.co/soX0KAMGoT
2023-05-15,"RT @AppleMusic: #BTSARMY, this one's for you. ğŸ’œ

Listen to #D_DAY and get ready for #SUGA's final episode of #AgustDRadio at 7PM PT / 11AMâ€¦"
2023-05-15,"RT @bomani_jones: new #TheRightTime! i talk about the sixers, nuggets, lakers, ja morant and an announcement!

Apple: https://t.co/cwIOoZICâ€¦"
2023-05-15,"RT @AppleMusic: #BTSARMY, this one's for you. ğŸ’œ

Listen to #D_DAY and get ready for #SUGA's final episode of #AgustDRadio at 7PM PT / 11AMâ€¦"
2023-05-15,"@Mifuni21 I didnâ€™t have iPhone money back then, I was making Starbucks money with a flip phone."
2023-05-15,On my #Podcast this week Iâ€™m chatting to Number 1 Sunday Times author @taylor_davinia Listen in full on @ApplePodcasts @Spotify @Amazon @Google or click here https://t.co/JqGueE6Ynn  #Liverpool #Skincare https://t.co/tAX436WZOg
2023-05-15,"RT @AppleMusic: #BTSARMY, this one's for you. ğŸ’œ

Listen to #D_DAY and get ready for #SUGA's final episode of #AgustDRadio at 7PM PT / 11AMâ€¦"
2023-05-15,My 20 Year Career is Technical Debt or Deprecated #apple #swift #angular ğŸ“–8min https://t.co/OpOrs3dtcO
2023-05-15,@hqtred it was just spotify i remember not being able to listen to hov when i had spotify and it made me switch to apple music. i think he did some shenanigans wit apple music but all his music been on there for a minute
2023-05-15,"RT @AppleMusic: #BTSARMY, this one's for you. ğŸ’œ

Listen to #D_DAY and get ready for #SUGA's final episode of #AgustDRadio at 7PM PT / 11AMâ€¦"
2023-05-15,"RT @AppleMusic: #BTSARMY, this one's for you. ğŸ’œ

Listen to #D_DAY and get ready for #SUGA's final episode of #AgustDRadio at 7PM PT / 11AMâ€¦"
2023-05-15,RT @CheemaWRLD: How i drink apple juice knowing itâ€™s the BEST juice https://t.co/soX0KAMGoT
2023-05-15,"RT @AppleMusic: #BTSARMY, this one's for you. ğŸ’œ

Listen to #D_DAY and get ready for #SUGA's final episode of #AgustDRadio at 7PM PT / 11AMâ€¦"
2023-05-15,im gonna keep him out there he drank my apple juice https://t.co/a7lsxqLcS3
2023-05-15,"RT @UPCLUBCOM: GM to all #NFT lovers

Get ready! ğŸ”¥

Upclub app is coming to IOS and Android real soon ğŸ‘€ https://t.co/9Aba63euWq"
2023-05-15,"RT @tswiftamupdates: US Apple Music:

#57 Cruel Summer (+3)
#61 Anti-Hero (+1)
#83 Karma (+5)
#102 Enchanted (+6)
#105 Lover (+5)
#146 Laveâ€¦"
2023-05-15,RT @JTP1235: @CultureCriticZ @entrappt @KovaXCX @EPhotius @LibertyCappy American as apple pie.
2023-05-15,RT @Conac02: Thousands of Poles are fleeing the UK and returning home to booming economy - This makes me sad. ğŸ˜” https://t.co/TtLIwBN5AU
2023-05-15,"RT @AppleMusic: #BTSARMY, this one's for you. ğŸ’œ

Listen to #D_DAY and get ready for #SUGA's final episode of #AgustDRadio at 7PM PT / 11AMâ€¦"
2023-05-15,"RT @Daniel_Rubino: Good news if you have an iPhone and Windows 11

https://t.co/b2pphkYM1R"
2023-05-15,"RT @AppleMusic: #BTSARMY, this one's for you. ğŸ’œ

Listen to #D_DAY and get ready for #SUGA's final episode of #AgustDRadio at 7PM PT / 11AMâ€¦"
2023-05-15,RT @CheemaWRLD: How i drink apple juice knowing itâ€™s the BEST juice https://t.co/soX0KAMGoT
2023-05-15,RT @CheemaWRLD: How i drink apple juice knowing itâ€™s the BEST juice https://t.co/soX0KAMGoT
2023-05-15,This shit still great  https://t.co/qz9yFAuODI
2023-05-15,"RT @valentgarzonc: Netflix, PS5 o IPhone 14?â™¥ï¸â™¥ï¸ https://t.co/6G4Exw2NDsğŸ”¥ğŸ”¥ğŸ”¥ğŸ”¥ https://t.co/u7IG9Zmyyk"
2023-05-15,RT @exileoutdid: For the FIRST time ever â€œCruel Summerâ€ surpasses â€œAnti-Heroâ€ to become Taylors highest charting song on Apple Music US curâ€¦
2023-05-15,"RT @AppleMusic: #BTSARMY, this one's for you. ğŸ’œ

Listen to #D_DAY and get ready for #SUGA's final episode of #AgustDRadio at 7PM PT / 11AMâ€¦"
2023-05-15,iâ€™m gonna throw up shadowboxer by fiona apple is so reaper76 coded iâ€™m gonna sob https://t.co/F6aKJXXbPm
2023-05-15,i finally got prescribed wellbutrin xl
2023-05-15,RT @veropat7: Hillary Clinton's plan to 'vilify' Trump by linking him to Putin was briefed to Obama and Biden before the election in 2016 -â€¦
2023-05-15,I fucking hate my period so much omgg some bitch took an apple and now i have to suffer the consequences how is that fair omfg im so mad
2023-05-15,"RT @AppleMusic: #BTSARMY, this one's for you. ğŸ’œ

Listen to #D_DAY and get ready for #SUGA's final episode of #AgustDRadio at 7PM PT / 11AMâ€¦"
2023-05-15,"RT @tswiftamupdates: US Apple Music:

#57 Cruel Summer (+3)
#61 Anti-Hero (+1)
#83 Karma (+5)
#102 Enchanted (+6)
#105 Lover (+5)
#146 Laveâ€¦"
2023-05-15,"RT @AppleMusic: #BTSARMY, this one's for you. ğŸ’œ

Listen to #D_DAY and get ready for #SUGA's final episode of #AgustDRadio at 7PM PT / 11AMâ€¦"
2023-05-15,"Hillary Clinton's plan to 'vilify' Trump by linking him to Putin was briefed to Obama and Biden before the election in 2016 - while the FBI and DOJ restricted investigations into her campaign, Durham report saysÂ 
via https://t.co/pqCsLGBFQO https://t.co/7cUPEaLa3s"
2023-05-15,"RT @deenashakir: Congratulations to @AlifeIVF on the launch of the Alife app!  For anyone going through IVF, the Alife app can help you manâ€¦"
2023-05-15,"RT @77WABCradio: Tune in at 3PM for America's Mayor - @RudyGiuliani!

Join The Mayor every day for his breakdown of both #NYC and global neâ€¦"
2023-05-15,this is about me btw https://t.co/ZZEXq5dMJI
2023-05-15,"RT @JAMJAMPICS: have you pre-saved â€˜angel pt. 1â€™ feat. #JIMIN on spotify, apple music or deezer? ğŸï¸

coming on may 18, 9 pm kst.
please doâ€¦"
2023-05-15,"RT @aespaDIRECT: Apple Music Korea Top 100 Daily Songs Chart ğŸ“Š

#1 SpicyğŸ”ºğŸ”¥
#7 Thirsty ğŸ”»
#14 Welcome To MY WorldğŸ”»
#23 Salty &amp; Sweet ğŸ”»
#29 I'â€¦"
2023-05-15,RT @CheemaWRLD: How i drink apple juice knowing itâ€™s the BEST juice https://t.co/soX0KAMGoT
2023-05-15,"RT @AppleMusic: #BTSARMY, this one's for you. ğŸ’œ

Listen to #D_DAY and get ready for #SUGA's final episode of #AgustDRadio at 7PM PT / 11AMâ€¦"
2023-05-15,RT @Inkling61: The 400 videos dated back 25 years and captured Walker committing hundreds of acts of rape and other sex crimes on dozens ofâ€¦
2023-05-15,just a notebook in my hand  https://t.co/GzKdgOXk1h
2023-05-15,"RT @AppleMusic: #BTSARMY, this one's for you. ğŸ’œ

Listen to #D_DAY and get ready for #SUGA's final episode of #AgustDRadio at 7PM PT / 11AMâ€¦"
2023-05-15,"RT @SB19AppleTeam: âš ï¸ An Exciting Morning, Aâ€™tin!

Yes, itâ€™s electrifying as we get closer to the release! For now, letâ€™s have this Pop Tueâ€¦"
2023-05-15,"RT @AppleMusic: #BTSARMY, this one's for you. ğŸ’œ

Listen to #D_DAY and get ready for #SUGA's final episode of #AgustDRadio at 7PM PT / 11AMâ€¦"
2023-05-15,RT @cj0nlayaway: anytime someone uses this just remember i drew this on a broken ipad when i was 16 https://t.co/4zWyqkejKQ
2023-05-15,Are You An 'Echoist' Without Even Realizing It? - HuffPost https://t.co/OArLx0DMIb
2023-05-15,"RT @AppleMusic: #BTSARMY, this one's for you. ğŸ’œ

Listen to #D_DAY and get ready for #SUGA's final episode of #AgustDRadio at 7PM PT / 11AMâ€¦"
2023-05-15,"RT @followmarcos: âš¡ MidJourney 5.1 App Iconsâš¡

Prompt:
iOS app icon, [insert subject] with skeuomorphic style --v 5.1 

(Prompts in the ALTâ€¦"
2023-05-15,"RT @KolbyRizzo: Poilievre perceived to be more competent than Trudeau, national poll shows - National Post https://t.co/8XqQ4An9FH"
2023-05-15,"Your latest episode with @_PeteSmith_ joining
Berryâ€™s weekend heist leads to what next?
If it comes itâ€™s from a free agent. 
Steelers draft class? Itâ€™s good but the whole team is based on Pickett. 
#DawgPoundÂ  

https://t.co/kAQkJi6Wi9 https://t.co/fOqPAHQfQt"
2023-05-15,"RT @AppleMusic: #BTSARMY, this one's for you. ğŸ’œ

Listen to #D_DAY and get ready for #SUGA's final episode of #AgustDRadio at 7PM PT / 11AMâ€¦"
2023-05-15,"RT @AppleMusic: #BTSARMY, this one's for you. ğŸ’œ

Listen to #D_DAY and get ready for #SUGA's final episode of #AgustDRadio at 7PM PT / 11AMâ€¦"
2023-05-15,"RT @BG_Football: The ğ—™ğ—¹ğ˜† ğ˜„ğ—¶ğ˜ğ—µ ğ—¨ğ˜€ Podcast is back!

S2/E2 features the dynamic duo of Odieu Hiliare (@0jstay1k) &amp; Abdul-Fatai Ibrahim (@_85Aâ€¦"
2023-05-15,My listenğŸ©· https://t.co/ESnIRzpOqu
2023-05-15,"RT @AppleMusic: #BTSARMY, this one's for you. ğŸ’œ

Listen to #D_DAY and get ready for #SUGA's final episode of #AgustDRadio at 7PM PT / 11AMâ€¦"
2023-05-15,"RT @mychal3ts: You woke up! Youâ€™re still here! Iâ€™m so proud of you!

Get in loser, weâ€™re taking the Lowly Worm apple car through this thingâ€¦"
2023-05-15,RT @amourranne: Idk abt yâ€™all but I donâ€™t pay for Apple Music  ğŸ˜‚
2023-05-15,"RT @PotatoloverG: Wts lfb for hanni collectors na this!
Hanni bucket hat and iphone + Hae ube pcs set

BB pcs - 160
Weverse pcs - 80
Set: 2â€¦"
2023-05-15,"RT @AppleMusic: #BTSARMY, this one's for you. ğŸ’œ

Listen to #D_DAY and get ready for #SUGA's final episode of #AgustDRadio at 7PM PT / 11AMâ€¦"
2023-05-15,"RT @MANGABANG_g: (1/3)

[The Date of Marriageï¼½Free trial reading
https://t.co/ppBo0ZFL5I https://t.co/71AveA1kJ7"
2023-05-15,"RT @AppleMusic: #BTSARMY, this one's for you. ğŸ’œ

Listen to #D_DAY and get ready for #SUGA's final episode of #AgustDRadio at 7PM PT / 11AMâ€¦"
2023-05-15,"RT @AppleMusic: #BTSARMY, this one's for you. ğŸ’œ

Listen to #D_DAY and get ready for #SUGA's final episode of #AgustDRadio at 7PM PT / 11AMâ€¦"
2023-05-15,"Apple is already testing its M3 Pro-powered MacBook Pro, and it features some improvements. According to Bloombergâ€™s Mark Gurman, the Cupertino-based tech company is preparing to shock the tech community. One can also say that they are preparing to live up https://t.co/0J09AybWxh"
2023-05-15,Watch whatnot's livestream on Whatnot https://t.co/f8XdLMHXCW
2023-05-15,"RT @AppleMusic: #BTSARMY, this one's for you. ğŸ’œ

Listen to #D_DAY and get ready for #SUGA's final episode of #AgustDRadio at 7PM PT / 11AMâ€¦"
2023-05-15,"RT @bomani_jones: new #TheRightTime! i talk about the sixers, nuggets, lakers, ja morant and an announcement!

Apple: https://t.co/cwIOoZICâ€¦"
2023-05-15,The Best iPhone Apps for Severe Weather https://t.co/8EyyywhKOF
2023-05-15,"RT @IsaacBwayo1: That cute magic apple ğŸ
Love liağŸ“ğŸ“ https://t.co/w3o2d1vrPG"
2023-05-15,What happens when leaders disregard the truth? Putin and Trump are about to find out - The Guardian https://t.co/GVTrW7M3rB
2023-05-15,"RT @AppleMusic: #BTSARMY, this one's for you. ğŸ’œ

Listen to #D_DAY and get ready for #SUGA's final episode of #AgustDRadio at 7PM PT / 11AMâ€¦"
2023-05-15,RT @CheemaWRLD: How i drink apple juice knowing itâ€™s the BEST juice https://t.co/soX0KAMGoT
2023-05-15,"RT @UmarBzv: Apple's third co-founder Ronald Wayne, sold his 10% stake for $800 in 1976. https://t.co/PMXLMn5Bqu"
2023-05-15,RT @marksnotnice: They floated on this at incomprehensible levels  https://t.co/vlFVKKHJjb
2023-05-15,Stick to myself Iâ€™m the one who got ME!  https://t.co/jhzjJwoYEH
2023-05-15,"RT @AppleMusic: #BTSARMY, this one's for you. ğŸ’œ

Listen to #D_DAY and get ready for #SUGA's final episode of #AgustDRadio at 7PM PT / 11AMâ€¦"
2023-05-15,"RT @BustedOpenRadio: ""He has made himself exclusive.""

@JohnCena candidly spoke with @davidlagreca1 &amp; @bullyray5150 about @WWERomanReigns aâ€¦"
2023-05-15,"RT @cryptoprof72: ğŸ”¥ 2023 Super Gem ğŸ”¥

There is a great token! It name is @AppleFan_Meta

Apple Fan Token today on PinkSale at 23:00 UTC âŒšï¸â€¦"
2023-05-15,"RT @AppleMusic: #BTSARMY, this one's for you. ğŸ’œ

Listen to #D_DAY and get ready for #SUGA's final episode of #AgustDRadio at 7PM PT / 11AMâ€¦"
2023-05-15,The glory &amp; shine on those that do right by themselves &amp; others
2023-05-15,"RT @AppleMusic: #BTSARMY, this one's for you. ğŸ’œ

Listen to #D_DAY and get ready for #SUGA's final episode of #AgustDRadio at 7PM PT / 11AMâ€¦"
2023-05-15,RT @CheemaWRLD: How i drink apple juice knowing itâ€™s the BEST juice https://t.co/soX0KAMGoT
2023-05-15,"RT @Rahul_J_Mathur: This poster was pinned by Jony Ive (designer behind iPod &amp; iPhone, iPad). Might be worth putting in your office too? htâ€¦"
2023-05-15,"RT @aespaDIRECT: Apple Music Korea Top 100 Daily Songs Chart ğŸ“Š

#1 SpicyğŸ”ºğŸ”¥
#7 Thirsty ğŸ”»
#14 Welcome To MY WorldğŸ”»
#23 Salty &amp; Sweet ğŸ”»
#29 I'â€¦"
2023-05-15,RT @tulsaworld: Listen Now: There are concerns that current and future federal grant funding for Oklahoma public schools is in jeopardy. Tuâ€¦
2023-05-15,"RT @AppleMusic: #BTSARMY, this one's for you. ğŸ’œ

Listen to #D_DAY and get ready for #SUGA's final episode of #AgustDRadio at 7PM PT / 11AMâ€¦"
2023-05-15,RT @hismerecry: Microplastics are in our bodies. How much do they harm us? via- @NatGeo https://t.co/kP4ognP4JJ
2023-05-15,"RT @AppleMusic: #BTSARMY, this one's for you. ğŸ’œ

Listen to #D_DAY and get ready for #SUGA's final episode of #AgustDRadio at 7PM PT / 11AMâ€¦"
2023-05-15,"@amourranne You were, for admitting publically that you do not pay for apple music. Bint."
2023-05-15,"@ShaunSunflower Thanks for reaching out &amp; we're sorry to hear this! All of our stores are individually owned &amp; operated w/the option to add Apple Pay. If we can impose on you to send us a DM with the location you visited, we'll be happy to share your feedback with the franchised owners. Thanks!"
2023-05-15,"RT @AppleMusic: #BTSARMY, this one's for you. ğŸ’œ

Listen to #D_DAY and get ready for #SUGA's final episode of #AgustDRadio at 7PM PT / 11AMâ€¦"
2023-05-15,"RT @AppleMusic: #BTSARMY, this one's for you. ğŸ’œ

Listen to #D_DAY and get ready for #SUGA's final episode of #AgustDRadio at 7PM PT / 11AMâ€¦"
2023-05-15,"The Mineral Hub will be attending the 2023 AAPL Annual Meeting in Huntington Beach, CA! Hope to see some of our clients/customers there as well! https://t.co/hZv7SLMGCO"
2023-05-15,RT @veropat7: Hillary Clinton's plan to 'vilify' Trump by linking him to Putin was briefed to Obama and Biden before the election in 2016 -â€¦
2023-05-15,"RT @drdave1999: Ron DeSantis will sign a bill allowing him to remain in office as FLâ€™s Governor while campaigning for the presidency, and tâ€¦"
2023-05-15,"RT @AppleMusic: #BTSARMY, this one's for you. ğŸ’œ

Listen to #D_DAY and get ready for #SUGA's final episode of #AgustDRadio at 7PM PT / 11AMâ€¦"
2023-05-15,"RT @AppleMusic: #BTSARMY, this one's for you. ğŸ’œ

Listen to #D_DAY and get ready for #SUGA's final episode of #AgustDRadio at 7PM PT / 11AMâ€¦"
2023-05-15,"RT @AppleMusic: #BTSARMY, this one's for you. ğŸ’œ

Listen to #D_DAY and get ready for #SUGA's final episode of #AgustDRadio at 7PM PT / 11AMâ€¦"
2023-05-15,"RT @ScalzoandBrust: Is it time for ""The Old's"" to shut up about the 70's and 80's... or is there wisdom in watching bad football decades agâ€¦"
2023-05-15,@Exposed_Comic @stoolpresidente I donâ€™t have an issue with the IPad. Itâ€™s the volume I take issue with
2023-05-15,"RT @AppleMusic: #BTSARMY, this one's for you. ğŸ’œ

Listen to #D_DAY and get ready for #SUGA's final episode of #AgustDRadio at 7PM PT / 11AMâ€¦"
2023-05-15,@YellowLabLife If youâ€™d have bought AAPL when that episode of billions came out youâ€™d have generated about 500% worth of alpha.
2023-05-15,I wonder how life woulda been if eve ainâ€™t eat that apple
2023-05-15,RT @therealllltete: I keep my cashapp card locked at all times. Apple be tryna get me everytime ğŸ˜‚
2023-05-15,RT @HellOnHeels2020: Hillary Clinton's plan to 'vilify' Trump by linking him to Putin was briefed to Obama and Biden before the election inâ€¦
2023-05-15,Introspection - EP por Gene Moore https://t.co/YwQbAlbP9M https://t.co/NSzZ7wsmav
2023-05-15,"RT @AppleMusic: #BTSARMY, this one's for you. ğŸ’œ

Listen to #D_DAY and get ready for #SUGA's final episode of #AgustDRadio at 7PM PT / 11AMâ€¦"
2023-05-15,"RT @AppleMusic: #BTSARMY, this one's for you. ğŸ’œ

Listen to #D_DAY and get ready for #SUGA's final episode of #AgustDRadio at 7PM PT / 11AMâ€¦"
2023-05-15,RT @amourranne: Idk abt yâ€™all but I donâ€™t pay for Apple Music  ğŸ˜‚
2023-05-15,"RT @PPDMGillespie: Sleep hygiene, caffeine, shift work  &amp; 10 hr work days. All important topics covered in this @_ReducingCrime episode. Plâ€¦"
2023-05-15,"RT @AppleMusic: #BTSARMY, this one's for you. ğŸ’œ

Listen to #D_DAY and get ready for #SUGA's final episode of #AgustDRadio at 7PM PT / 11AMâ€¦"
2023-05-15,"RT @AppleMusic: #BTSARMY, this one's for you. ğŸ’œ

Listen to #D_DAY and get ready for #SUGA's final episode of #AgustDRadio at 7PM PT / 11AMâ€¦"
2023-05-15,"RT @drdave1999: Ron DeSantis will sign a bill allowing him to remain in office as FLâ€™s Governor while campaigning for the presidency, and tâ€¦"
2023-05-15,"RT @CZArmyUSA: ğŸ”¥ 2023 Super Gem ğŸ”¥

There is a great token! It name is @AppleFan_Meta

Apple Fan Token today on PinkSale at 23:00 UTC âŒšï¸

ğŸ‘‰ğŸ»â€¦"
2023-05-15,RT @CheemaWRLD: How i drink apple juice knowing itâ€™s the BEST juice https://t.co/soX0KAMGoT
2023-05-15,"RT @AppleMusic: #BTSARMY, this one's for you. ğŸ’œ

Listen to #D_DAY and get ready for #SUGA's final episode of #AgustDRadio at 7PM PT / 11AMâ€¦"
2023-05-15,"â€œI live in a haunted houseâ€ | My husband got me an iPad this week, so Iâ€™ve been doing some digital painting. Hereâ€™s a piece inspired by #HowToSellAHauntedHouse (had to re-post this because the original had a  smudge ğŸ¤¦â€â™€ï¸) https://t.co/P2rkj8QH8A"
2023-05-15,"New episode available on Apple &amp; Spotify!!! Check it out!!! @GrydNetwork 
#LakersNation #LakeShow #thequestfor18 https://t.co/qsNgBLtutv"
2023-05-15,"RT @ScalzoandBrust: Is it time for ""The Old's"" to shut up about the 70's and 80's... or is there wisdom in watching bad football decades agâ€¦"
2023-05-15,"THREE iPhone Fast Charging Bundles for for $12.96!! (reg $59)

--Save 78% with promo code 78LPAPPF

https://t.co/JtJsGN58T8 https://t.co/OOlQuR453B"
2023-05-15,"@mintflowerss if u have an iphone u can uncrop the photo,,"
2023-05-15,"RT @AppleMusic: #BTSARMY, this one's for you. ğŸ’œ

Listen to #D_DAY and get ready for #SUGA's final episode of #AgustDRadio at 7PM PT / 11AMâ€¦"
2023-05-15,"RT @AppleMusic: #BTSARMY, this one's for you. ğŸ’œ

Listen to #D_DAY and get ready for #SUGA's final episode of #AgustDRadio at 7PM PT / 11AMâ€¦"
2023-05-15,Big bruh been gettin active since The Tunnel ğŸ§ğŸ¾â€â™‚ï¸ https://t.co/qgexcxmunz
2023-05-15,"RT @AppleMusic: #BTSARMY, this one's for you. ğŸ’œ

Listen to #D_DAY and get ready for #SUGA's final episode of #AgustDRadio at 7PM PT / 11AMâ€¦"
2023-05-15,"Check out our discordgroup 
for trading Chatroom/community 
https://t.co/7JEizY1xsH

â˜ï¸
ğŸ“ŠğŸ“ˆ
$EDSA
$KODK
$DOW
$GNUS
$IDEX
$BSBS
$TSLA
$TAOP
$JFK
$CEMI
$SPY
$SHOP
$SMZN
$NVDA
$ROKU
$EBAY
$AMD
$AAPL https://t.co/4DhuEXOnec"
2023-05-15,"RT @AppleMusic: #BTSARMY, this one's for you. ğŸ’œ

Listen to #D_DAY and get ready for #SUGA's final episode of #AgustDRadio at 7PM PT / 11AMâ€¦"
2023-05-15,"@VivekGRamaswamy Place your name in some tweets so that people can easily copy/paste it while using iPad or smartphone. Too long and difficult for people to remember to type out so make it easy for voters to spread your name.  

Put your name after these great short tweet statements youâ€™re making"
2023-05-15,"RT @KolbyRizzo: Poilievre perceived to be more competent than Trudeau, national poll shows - National Post https://t.co/8XqQ4An9FH"
2023-05-15,#nowplaying new music â¦@allyvenablebandâ© #blues #guitarplayer iTunes ğŸ˜ğŸ¸ https://t.co/xwNQVJinhl
2023-05-15,RT @CheemaWRLD: How i drink apple juice knowing itâ€™s the BEST juice https://t.co/soX0KAMGoT
2023-05-15,"RT @AppleMusic: #BTSARMY, this one's for you. ğŸ’œ

Listen to #D_DAY and get ready for #SUGA's final episode of #AgustDRadio at 7PM PT / 11AMâ€¦"
2023-05-15,Some dude just got mad at me because we donâ€™t serve apple juice at the bar.. mf go to ralphs you man child
2023-05-15,"Ex-CIA chief admitted that the 'Dirty 51' letter 'WAS political' as agency conspired with Biden campaign to produce it and falsely claim emails on Hunter Biden's laptop were Russian disinformation
via https://t.co/pqCsLGBFQO https://t.co/nEQTyfKuEE"
2023-05-15,RT @JoyceDeBacco: â€œThis book definitely raised my standards a notch higher.â€ #SecondChanceRomance #FamilyDrama #TeenPregnancy #WomensFictioâ€¦
2023-05-15,"@DanielleMorrill As a blanket statement, desktop and mobile without a doubt. Dedicated iOS not so much."
2023-05-15,"RT @AppleMusic: #BTSARMY, this one's for you. ğŸ’œ

Listen to #D_DAY and get ready for #SUGA's final episode of #AgustDRadio at 7PM PT / 11AMâ€¦"
2023-05-15,"RT @AppleMusic: #BTSARMY, this one's for you. ğŸ’œ

Listen to #D_DAY and get ready for #SUGA's final episode of #AgustDRadio at 7PM PT / 11AMâ€¦"
2023-05-15,"RT @drdave1999: Ron DeSantis will sign a bill allowing him to remain in office as FLâ€™s Governor while campaigning for the presidency, and tâ€¦"
2023-05-15,"RT @AppleMusic: #BTSARMY, this one's for you. ğŸ’œ

Listen to #D_DAY and get ready for #SUGA's final episode of #AgustDRadio at 7PM PT / 11AMâ€¦"
2023-05-15,"RT @ScalzoandBrust: Is it time for ""The Old's"" to shut up about the 70's and 80's... or is there wisdom in watching bad football decades agâ€¦"
2023-05-15,"Your latest @lockedonbrowns with @_PeteSmith_ joining
Berryâ€™s weekend heist leads to what next?
If it comes itâ€™s from a free agent. 
Steelers draft class? Itâ€™s good but the whole team is based on Pickett. 
#DawgPoundÂ  

https://t.co/FCKMB1uFj6 https://t.co/ypQn3896SG"
2023-05-15,RT @acidfairyz: if you choose apple juice over ORANGE JUICE youâ€™re insane
2023-05-15,"RT @JoePompliano: For context, Apple is paying $250 million annually for exclusive rights to more than 1,000 MLS games.

But Peacock will pâ€¦"
2023-05-15,RT @raywilton4: â€œAustralians have given federal Labor a powerful vote of confidence as Prime Minister Anthony Albanese approaches a year inâ€¦
2023-05-15,RT @JoyceDeBacco: â€œThis is one of those books that you'll be thinking about long after you finish reading it.â€  #WomensFiction #SecondChancâ€¦
2023-05-15,"RT @AppleMusic: #BTSARMY, this one's for you. ğŸ’œ

Listen to #D_DAY and get ready for #SUGA's final episode of #AgustDRadio at 7PM PT / 11AMâ€¦"
2023-05-15,RT @raywilton4: â€œAustralians have given federal Labor a powerful vote of confidence as Prime Minister Anthony Albanese approaches a year inâ€¦
2023-05-15,"RT @AppleMusic: #BTSARMY, this one's for you. ğŸ’œ

Listen to #D_DAY and get ready for #SUGA's final episode of #AgustDRadio at 7PM PT / 11AMâ€¦"
2023-05-15,Kellz music ainâ€™t neva did me wrongâ€¦. https://t.co/kNJiBjB5gg
2023-05-15,"RT @AppleMusic: #BTSARMY, this one's for you. ğŸ’œ

Listen to #D_DAY and get ready for #SUGA's final episode of #AgustDRadio at 7PM PT / 11AMâ€¦"
2023-05-15,"RT @AppleMusic: #BTSARMY, this one's for you. ğŸ’œ

Listen to #D_DAY and get ready for #SUGA's final episode of #AgustDRadio at 7PM PT / 11AMâ€¦"
2023-05-15,@FoxKairo Blue raspberry and Sour apple https://t.co/G3EBqkwzz9
2023-05-15,"RT @raffpantucci: In China, the Police Came for the Consultants. Now the C.E.O.s Are Alarmed. https://t.co/3zqMZsNlGM"
2023-05-15,Who tf was eating Apple Jacks lmao https://t.co/u1zqpdBrSq
2023-05-15,Windows 11 Now Has Its Own Version of Airdrop for iPhone to PC Transfers https://t.co/9iHi1gM0x6 https://t.co/t7G0sCtEQP
2023-05-15,RT @RegularUstazz: An iPhone user will meet an iPhone user and try to look at the back of the phone to see who is boss. Mental slaveryğŸ¤£ğŸ¤£ğŸ¤¦â€â™‚ï¸
2023-05-15,"@Abdaddy It is Sally behind me. She and Jack are metal art. I got them as an anniversary gift a few years ago. 

That Fiona Apple version of Sallyâ€™s Song is FANTASTIC!! ğŸ©·ğŸ©·ğŸ©·"
2023-05-15,"RT @AppleMusic: #BTSARMY, this one's for you. ğŸ’œ

Listen to #D_DAY and get ready for #SUGA's final episode of #AgustDRadio at 7PM PT / 11AMâ€¦"
2023-05-15,"RT @AppleMusic: #BTSARMY, this one's for you. ğŸ’œ

Listen to #D_DAY and get ready for #SUGA's final episode of #AgustDRadio at 7PM PT / 11AMâ€¦"
2023-05-15,"RT @AppleMusic: #BTSARMY, this one's for you. ğŸ’œ

Listen to #D_DAY and get ready for #SUGA's final episode of #AgustDRadio at 7PM PT / 11AMâ€¦"
2023-05-15,via @NYTimes â¦@emilymbadgerâ© coastal â€œcitiesâ€ are not only or even mainly culpable here. NYC is &lt; 1/2 of metro area population.  Exclusionary zoning in suburbs contribute to regional housing shortage and affordability crisis. â¦@FurmanCenterNYU https://t.co/Cy6nOvZ57j
2023-05-15,"via @NYTimes
This is the case that has frump nervous. EveryAmerican heard him extorting the Georgia AG. All I need is 11k votes. It was a threatening conversation, that a weaker person may have succumbed too.  https://t.co/X9A7RlRkVJ"
2023-05-15,"RT @WWEXOL: [INFO] CHEN ""Before the Petals Fall"" debuts at #1 in 3 countries on iTunes Song Chart

#1 Fiji
#1 Indonesia
#1 Oman

#CHEN_Befoâ€¦"
2023-05-15,"RT @Gemladybullish: ğŸ”¥ Apple Fan Token today on PinkSale at 23:00 UTC âŒšï¸

https://t.co/xWivShnzNX

Telegram: https://t.co/3axyukmv1S https:/â€¦"
2023-05-15,"RT @AppleMusic: #BTSARMY, this one's for you. ğŸ’œ

Listen to #D_DAY and get ready for #SUGA's final episode of #AgustDRadio at 7PM PT / 11AMâ€¦"
2023-05-15,I have iPhone 14 pro max and you? https://t.co/zEcevqvc58
2023-05-15,"RT @AppleMusic: #BTSARMY, this one's for you. ğŸ’œ

Listen to #D_DAY and get ready for #SUGA's final episode of #AgustDRadio at 7PM PT / 11AMâ€¦"
2023-05-15,RT @CheemaWRLD: How i drink apple juice knowing itâ€™s the BEST juice https://t.co/soX0KAMGoT
2023-05-15,RT @omarapollo: i know endlessly gettin all the love pero like https://t.co/efnWA8Gllx
2023-05-15,"RT @AppleMusic: #BTSARMY, this one's for you. ğŸ’œ

Listen to #D_DAY and get ready for #SUGA's final episode of #AgustDRadio at 7PM PT / 11AMâ€¦"
2023-05-15,"RT @AppleMusic: #BTSARMY, this one's for you. ğŸ’œ

Listen to #D_DAY and get ready for #SUGA's final episode of #AgustDRadio at 7PM PT / 11AMâ€¦"
2023-05-15,"@tamsully12 I had to cut down an apple tree, in my backyard! I've been using the wood for years on the BBQ, and have done at least a dozen, smoked whatever! It was a big tree! Got a bunch of sugar maples(8-10) to come down! They're like flag poles, 40', &amp; desperately need to be thinned out!"
2023-05-15,Raised generations https://t.co/lGJHgPdpAm
2023-05-15,"RT @digcarrot: We've purchased another awesome NFT from @redsrocks ğŸš€

See the OpenSea collection â¡ï¸ https://t.co/SFVaKLhdAd

We're buying Pâ€¦"
2023-05-15,We are learning about Fractions. Today we read Apple Fractions and shared our knowledge on the white board. ğŸ @StCeciliaOCSB https://t.co/VeoegsPduc
2023-05-15,"RT @ibogost: Is there a reason Apple Mail search doesn't work at all? Like, doesn't even attempt to search?"
2023-05-15,"Nicola Browne iosåŠ é€Ÿå™¨ Raymond Dunlop 
 #ç§‘å­¦ä¸Šç½‘ https://t.co/VAVnMUqxRa"
2023-05-15,@houmanhemmati @MissJilianne @sfstandard @Apple David is right. We have a problem here and our leadership is busy starting fights over race and gender. Their priorities are completely out of whack.
2023-05-15,"RT @AppleMusic: #BTSARMY, this one's for you. ğŸ’œ

Listen to #D_DAY and get ready for #SUGA's final episode of #AgustDRadio at 7PM PT / 11AMâ€¦"
2023-05-15,"RT @dealdray: Iâ€™ve been on the road , Jah protect me https://t.co/ltinpGRwRJ"
2023-05-15,RT @AnthonyMKreis: Georgia Prosecutor Rebuts Trumpâ€™s Effort to Scuttle Elections Case https://t.co/QOKJDmDgJa
2023-05-15,"Burger Theory isnâ€™t just burgers and fries! Check out our most popular desserts including, Carrot Cake, Key Lime Pie &amp; Apple Crumb! Spring is the perfect time to enjoy sweet treats anytime!Â  https://t.co/u6Af3fJE2r https://t.co/vQagTRicoP"
2023-05-15,"RT @AppleMusic: #BTSARMY, this one's for you. ğŸ’œ

Listen to #D_DAY and get ready for #SUGA's final episode of #AgustDRadio at 7PM PT / 11AMâ€¦"
2023-05-15,"RT @WWEXOL: [INFO] CHEN ""Before the Petals Fall (ê½ƒìì´ ì§€ê¸° ì „ì—)"" is available on your favorite music platforms ğŸ¶

Apple Music
ğŸ”—https://t.co/psBâ€¦"
2023-05-15,"RT @AppleMusic: #BTSARMY, this one's for you. ğŸ’œ

Listen to #D_DAY and get ready for #SUGA's final episode of #AgustDRadio at 7PM PT / 11AMâ€¦"
2023-05-15,"RT @AppleMusic: #BTSARMY, this one's for you. ğŸ’œ

Listen to #D_DAY and get ready for #SUGA's final episode of #AgustDRadio at 7PM PT / 11AMâ€¦"
2023-05-15,"RT @AppleMusic: #BTSARMY, this one's for you. ğŸ’œ

Listen to #D_DAY and get ready for #SUGA's final episode of #AgustDRadio at 7PM PT / 11AMâ€¦"
2023-05-15,"RT @AppleMusic: #BTSARMY, this one's for you. ğŸ’œ

Listen to #D_DAY and get ready for #SUGA's final episode of #AgustDRadio at 7PM PT / 11AMâ€¦"
2023-05-15,"RT @AZATHLETICS: Get to know our Pac-12 champs in this edition of the Bear Down Podcast! ğŸ™ï¸

Talie Bonds and Jordan Geist took a break fromâ€¦"
2023-05-15,"RT @V_SAGA_ANIME: â—¤ã€€ #VINLAND_FANART2
ã€€ã€€Global Fan Art Contest
ã€€ã€€ã€€Unveil the Prize ğŸ¨ã€€ â—¢

Newly drawn illustration by #TakahikoAbiru (@mountâ€¦"
2023-05-15,Phone is fucked and really walked away with no phone smh def buying this shit from apple cuz Verizon is crazyyyy
2023-05-15,"PREMIUM ACCOUNT PH ~Â  ğŸ¤

- Grammarly
- Netflix
- Hbo go
- Vsco
- Canva Pro 
- Spotify
- Viu 
- Turnitin
- Disney+ Disney Plus
- Apple Music
- Tidal Hifi
- Scribd
- Picsart
- Nba League Pass
- Microsoft 365
- Iwant tfc
- Loklok Vip
shared solo chat gpt ğŸ¤© https://t.co/3ph5HpZHDG"
2023-05-15,"RT @drdave1999: Ron DeSantis will sign a bill allowing him to remain in office as FLâ€™s Governor while campaigning for the presidency, and tâ€¦"
2023-05-15,"New Figma Tutorial Posted:
""https://t.co/e2metQUk1y Design October 2022""
https://t.co/2Dssq9VWmj https://t.co/BhPIuPOnYd"
2023-05-15,"RT @KolbyRizzo: Poilievre perceived to be more competent than Trudeau, national poll shows - National Post https://t.co/8XqQ4An9FH"
2023-05-15,RT @CheemaWRLD: How i drink apple juice knowing itâ€™s the BEST juice https://t.co/soX0KAMGoT
2023-05-15,"Free stock chatroom link below

https://t.co/7JEizY1xsH

$AMZN $AAPL $AMD $FB $BOXL $BA $PFE $MCD $UPS $MMM $SINT $SOLO https://t.co/lrEo5ifJTS"
2023-05-15,"RT @AppleMusic: #BTSARMY, this one's for you. ğŸ’œ

Listen to #D_DAY and get ready for #SUGA's final episode of #AgustDRadio at 7PM PT / 11AMâ€¦"
2023-05-15,"RT @MorufAdekunle4: Happy new week guys
Stay bless ğŸ™Œ ğŸ™ 
https://t.co/y753NBfOCD"
2023-05-15,"RT @The73rdHole: ğŸš¨DJ WINS LIV TULSA! Day Wins Byron!ğŸš¨

DJ Wins Playoff Over Smith &amp; Grace!
Stinger Wins as a Team!
We Talk With DJ!
Crazy Fâ€¦"
2023-05-15,"RT @AppleMusic: #BTSARMY, this one's for you. ğŸ’œ

Listen to #D_DAY and get ready for #SUGA's final episode of #AgustDRadio at 7PM PT / 11AMâ€¦"
2023-05-15,[Question] iOS on iPhone 13 https://t.co/bYF3UA4lhm
2023-05-15,ill say it again fuck apple for not letting you charge &amp; plug in earphones @ the same time ğŸ–•ğŸ»
2023-05-15,"Red. Buy apple stock, dump it when Netflix split and the stock crashed, dump it at 200$ a share and start buying Bitcoin at $50 a coin. Retire at 32. https://t.co/qmnQk2BLfB"
2023-05-15,"Is it time for ""The Old's"" to shut up about the 70's and 80's... or is there wisdom in watching bad football decades ago?

Pod: https://t.co/s2Jqpj1dm2

@ESPNMilwaukee @ESPNMadison @ESPNbd https://t.co/9DK0VpHJP4"
2023-05-15,"RT @AppleMusic: #BTSARMY, this one's for you. ğŸ’œ

Listen to #D_DAY and get ready for #SUGA's final episode of #AgustDRadio at 7PM PT / 11AMâ€¦"
2023-05-15,"RT @AppleMusic: #BTSARMY, this one's for you. ğŸ’œ

Listen to #D_DAY and get ready for #SUGA's final episode of #AgustDRadio at 7PM PT / 11AMâ€¦"
2023-05-15,"RT @AppleMusic: #BTSARMY, this one's for you. ğŸ’œ

Listen to #D_DAY and get ready for #SUGA's final episode of #AgustDRadio at 7PM PT / 11AMâ€¦"
2023-05-15,"RT @AppleMusic: #BTSARMY, this one's for you. ğŸ’œ

Listen to #D_DAY and get ready for #SUGA's final episode of #AgustDRadio at 7PM PT / 11AMâ€¦"
2023-05-15,See the diminishing returns of fangs stocks ! Possibly Tesla is the new apple of the coming decade or two! https://t.co/kcun8G1EdG
2023-05-15,"RT @ratesandbarrels: ğŸ™ï¸ Rates &amp; Barrels âš¾ï¸

@enosarris &amp; @DerekVanRiper discuss the Rays' depth in the wake of Rasmussen's injury, and tensâ€¦"
2023-05-15,"RT @AppleMusic: #BTSARMY, this one's for you. ğŸ’œ

Listen to #D_DAY and get ready for #SUGA's final episode of #AgustDRadio at 7PM PT / 11AMâ€¦"
2023-05-15,"RT @AppleMusic: #BTSARMY, this one's for you. ğŸ’œ

Listen to #D_DAY and get ready for #SUGA's final episode of #AgustDRadio at 7PM PT / 11AMâ€¦"
2023-05-15,"RT @AppleMusic: #BTSARMY, this one's for you. ğŸ’œ

Listen to #D_DAY and get ready for #SUGA's final episode of #AgustDRadio at 7PM PT / 11AMâ€¦"
2023-05-15,RT @CheemaWRLD: How i drink apple juice knowing itâ€™s the BEST juice https://t.co/soX0KAMGoT
2023-05-15,RT @CheemaWRLD: How i drink apple juice knowing itâ€™s the BEST juice https://t.co/soX0KAMGoT
2023-05-15,"RT @AppleMusic: #BTSARMY, this one's for you. ğŸ’œ

Listen to #D_DAY and get ready for #SUGA's final episode of #AgustDRadio at 7PM PT / 11AMâ€¦"
2023-05-15,RT @tochi__: iPhone will charge to 80% and forget that it is plugged in
2023-05-15,"Good news if you have an iPhone and Windows 11

https://t.co/b2pphkYM1R"
2023-05-15,"RT @McNasty: ~ My single ""STFU"" is now live on all platforms! ~ 
âœ— Spotify: https://t.co/3hbe0bnMLT
âœ— Apple Music: https://t.co/NJxgKlAc6Nâ€¦"
2023-05-15,RT @JoyisBackAgain: My daysssss ğŸ¥º https://t.co/Joev0VDcSL
2023-05-15,"RT @cryptotommy88: ğŸ”¥ 2023 Super Gem ğŸ”¥

There is a great token! It name is @AppleFan_Meta

Apple Fan Token today on PinkSale at 23:00 UTC âŒšï¸â€¦"
2023-05-15,"RT @business: Womenâ€™s professional tackle football teams are taking the field across the United States. 

On The Big Take podcast: a look aâ€¦"
2023-05-15,"RT @AppleMusic: #BTSARMY, this one's for you. ğŸ’œ

Listen to #D_DAY and get ready for #SUGA's final episode of #AgustDRadio at 7PM PT / 11AMâ€¦"
2023-05-15,Why apple just take $25 out my account ğŸ˜’
2023-05-15,"RT @AppleMusic: #BTSARMY, this one's for you. ğŸ’œ

Listen to #D_DAY and get ready for #SUGA's final episode of #AgustDRadio at 7PM PT / 11AMâ€¦"
2023-05-15,RT @everloviing: the chokehold this song had on me  https://t.co/MWiXmUM3bY
2023-05-15,"RT @AppleMusic: #BTSARMY, this one's for you. ğŸ’œ

Listen to #D_DAY and get ready for #SUGA's final episode of #AgustDRadio at 7PM PT / 11AMâ€¦"
2023-05-15,"RT @BigZayski: Only a few Vols fans I would listen too. 

Show them some love if you like listening to ball talk. 

@SOTGsmoke @Carlito25Waâ€¦"
2023-05-15,"RT @aespaDIRECT: Apple Music Korea Top 100 Daily Songs Chart ğŸ“Š

#1 SpicyğŸ”ºğŸ”¥
#7 Thirsty ğŸ”»
#14 Welcome To MY WorldğŸ”»
#23 Salty &amp; Sweet ğŸ”»
#29 I'â€¦"
2023-05-15,RT @yourenottheguy: Bro this shit was so insane like seriously they were in the COOKING https://t.co/vbdf7c6PYh
2023-05-15,"RT @AppleMusic: #BTSARMY, this one's for you. ğŸ’œ

Listen to #D_DAY and get ready for #SUGA's final episode of #AgustDRadio at 7PM PT / 11AMâ€¦"
